order_item_refund_id,order_item_id,order_id,created_at,refund_amount_usd
1,57,57,2012-04-06 11:32:43,49.99
2,74,74,2012-04-13 01:09:43,49.99
3,71,71,2012-04-15 07:03:48,49.99
4,118,118,2012-04-17 20:00:37,49.99
5,116,116,2012-04-22 20:53:49,49.99
6,147,147,2012-05-04 11:59:07,49.99
7,186,186,2012-05-12 02:41:14,49.99
8,191,191,2012-05-16 13:06:01,49.99
9,179,179,2012-05-24 16:00:09,49.99
10,199,199,2012-05-30 17:20:44,49.99
11,271,271,2012-06-06 14:22:14,49.99
12,290,290,2012-06-10 19:54:47,49.99
13,335,335,2012-06-20 19:13:12,49.99
14,382,382,2012-06-28 18:54:22,49.99
15,357,357,2012-06-29 15:50:01,49.99
16,409,409,2012-07-05 14:24:53,49.99
17,368,368,2012-07-07 07:36:44,49.99
18,391,391,2012-07-07 19:54:28,49.99
19,424,424,2012-07-08 02:59:09,49.99
20,393,393,2012-07-10 14:31:05,49.99
21,442,442,2012-07-11 22:16:10,49.99
22,472,472,2012-07-19 06:57:16,49.99
23,470,470,2012-07-20 13:51:53,49.99
24,469,469,2012-07-21 09:45:01,49.99
25,471,471,2012-07-22 12:53:11,49.99
26,468,468,2012-07-27 18:03:58,49.99
27,467,467,2012-07-29 07:41:18,49.99
28,500,500,2012-07-31 01:43:50,49.99
29,501,501,2012-08-01 13:50:52,49.99
30,568,568,2012-08-06 23:16:41,49.99
31,545,545,2012-08-08 17:45:11,49.99
32,558,558,2012-08-09 17:14:14,49.99
33,577,577,2012-08-12 01:39:11,49.99
34,648,648,2012-08-12 19:26:58,49.99
35,669,669,2012-08-15 03:07:26,49.99
36,587,587,2012-08-16 10:58:58,49.99
37,581,581,2012-08-17 00:42:29,49.99
38,584,584,2012-08-17 00:43:39,49.99
39,638,638,2012-08-18 09:15:40,49.99
40,676,676,2012-08-20 08:19:51,49.99
41,717,717,2012-08-23 12:16:35,49.99
42,661,661,2012-08-24 15:15:48,49.99
43,694,694,2012-08-27 04:21:11,49.99
44,668,668,2012-08-27 14:26:16,49.99
45,739,739,2012-08-29 00:16:18,49.99
46,718,718,2012-08-29 14:11:58,49.99
47,780,780,2012-09-01 10:36:40,49.99
48,786,786,2012-09-03 21:08:59,49.99
49,760,760,2012-09-08 09:52:41,49.99
50,844,844,2012-09-12 12:31:11,49.99
51,823,823,2012-09-13 07:09:10,49.99
52,883,883,2012-09-14 07:45:19,49.99
53,818,818,2012-09-14 09:09:54,49.99
54,900,900,2012-09-14 21:56:14,49.99
55,838,838,2012-09-15 09:00:25,49.99
56,807,807,2012-09-15 19:18:27,49.99
57,910,910,2012-09-18 08:07:59,49.99
58,849,849,2012-09-19 19:57:16,49.99
59,988,988,2012-09-22 17:50:53,49.99
60,934,934,2012-09-24 12:27:05,49.99
61,993,993,2012-09-24 15:13:26,49.99
62,950,950,2012-09-24 20:49:53,49.99
63,969,969,2012-09-25 08:14:53,49.99
64,953,953,2012-09-27 01:07:36,49.99
65,905,905,2012-09-27 04:26:24,49.99
66,941,941,2012-09-29 19:44:05,49.99
67,939,939,2012-09-30 10:29:56,49.99
68,1006,1006,2012-10-02 19:14:21,49.99
69,1107,1107,2012-10-05 11:06:14,49.99
70,1069,1069,2012-10-05 18:22:42,49.99
71,984,984,2012-10-06 00:04:13,49.99
72,1021,1021,2012-10-06 07:54:10,49.99
73,1129,1129,2012-10-07 01:25:32,49.99
74,1103,1103,2012-10-07 15:51:25,49.99
75,1036,1036,2012-10-08 15:43:52,49.99
76,1063,1063,2012-10-10 10:23:40,49.99
77,1078,1078,2012-10-10 13:15:44,49.99
78,1056,1056,2012-10-10 15:18:51,49.99
79,1145,1145,2012-10-13 21:35:11,49.99
80,1123,1123,2012-10-14 19:15:52,49.99
81,1226,1226,2012-10-17 12:24:18,49.99
82,1279,1279,2012-10-20 13:42:51,49.99
83,1245,1245,2012-10-20 17:49:01,49.99
84,1271,1271,2012-10-21 19:42:47,49.99
85,1167,1167,2012-10-22 11:33:07,49.99
86,1243,1243,2012-10-22 14:28:55,49.99
87,1318,1318,2012-10-23 18:58:17,49.99
88,1227,1227,2012-10-25 04:26:48,49.99
89,1283,1283,2012-10-26 07:25:27,49.99
90,1222,1222,2012-10-28 06:17:14,49.99
91,1233,1233,2012-10-29 00:19:14,49.99
92,1274,1274,2012-11-01 08:02:36,49.99
93,1426,1426,2012-11-01 17:40:26,49.99
94,1267,1267,2012-11-01 18:56:47,49.99
95,1451,1451,2012-11-02 14:46:50,49.99
96,1445,1445,2012-11-03 18:58:54,49.99
97,1393,1393,2012-11-04 06:41:25,49.99
98,1351,1351,2012-11-05 18:35:20,49.99
99,1324,1324,2012-11-06 16:47:45,49.99
100,1480,1480,2012-11-06 17:59:29,49.99
101,1422,1422,2012-11-07 10:23:24,49.99
102,1368,1368,2012-11-09 07:25:56,49.99
103,1515,1515,2012-11-11 02:57:29,49.99
104,1468,1468,2012-11-12 13:31:27,49.99
105,1525,1525,2012-11-13 04:28:08,49.99
106,1547,1547,2012-11-13 18:51:02,49.99
107,1443,1443,2012-11-14 01:09:00,49.99
108,1559,1559,2012-11-14 20:42:32,49.99
109,1576,1576,2012-11-15 03:18:16,49.99
110,1552,1552,2012-11-15 22:31:01,49.99
111,1584,1584,2012-11-17 16:07:01,49.99
112,1483,1483,2012-11-17 20:47:59,49.99
113,1532,1532,2012-11-18 11:31:16,49.99
114,1544,1544,2012-11-18 22:56:28,49.99
115,1626,1626,2012-11-19 17:29:51,49.99
116,1638,1638,2012-11-21 06:39:21,49.99
117,1528,1528,2012-11-21 18:20:39,49.99
118,1653,1653,2012-11-22 01:35:09,49.99
119,1637,1637,2012-11-25 21:13:28,49.99
120,1756,1756,2012-11-25 21:54:01,49.99
121,1660,1660,2012-11-26 03:35:40,49.99
122,1646,1646,2012-11-26 15:40:13,49.99
123,1631,1631,2012-11-26 23:13:16,49.99
124,1617,1617,2012-11-27 09:18:30,49.99
125,1779,1779,2012-11-27 09:36:25,49.99
126,1848,1848,2012-11-27 18:57:24,49.99
127,1748,1748,2012-11-27 19:18:26,49.99
128,1815,1815,2012-11-28 01:24:41,49.99
129,1604,1604,2012-11-28 12:23:54,49.99
130,1908,1908,2012-11-29 17:23:22,49.99
131,1636,1636,2012-11-30 10:45:33,49.99
132,2064,2064,2012-12-02 16:26:56,49.99
133,2051,2051,2012-12-02 20:46:16,49.99
134,1988,1988,2012-12-02 23:09:37,49.99
135,1909,1909,2012-12-03 00:54:53,49.99
136,1905,1905,2012-12-03 22:16:21,49.99
137,1961,1961,2012-12-03 22:45:33,49.99
138,1918,1918,2012-12-04 02:54:59,49.99
139,1776,1776,2012-12-04 15:16:20,49.99
140,2028,2028,2012-12-04 17:07:30,49.99
141,1797,1797,2012-12-05 13:29:12,49.99
142,1915,1915,2012-12-05 14:58:49,49.99
143,1818,1818,2012-12-05 21:25:47,49.99
144,1947,1947,2012-12-06 00:11:14,49.99
145,1745,1745,2012-12-08 09:35:07,49.99
146,2050,2050,2012-12-09 02:30:55,49.99
147,2184,2184,2012-12-11 09:41:38,49.99
148,2098,2098,2012-12-12 17:40:37,49.99
149,2045,2045,2012-12-13 18:49:37,49.99
150,2241,2241,2012-12-13 21:56:23,49.99
151,2057,2057,2012-12-14 00:26:51,49.99
152,2165,2165,2012-12-15 01:53:06,49.99
153,2147,2147,2012-12-15 18:15:51,49.99
154,2341,2341,2012-12-18 06:03:13,49.99
155,2172,2172,2012-12-18 10:33:26,49.99
156,2244,2244,2012-12-18 16:32:34,49.99
157,2202,2202,2012-12-19 10:27:35,49.99
158,2365,2365,2012-12-20 10:37:58,49.99
159,2377,2377,2012-12-21 23:38:22,49.99
160,2415,2415,2012-12-22 07:03:24,49.99
161,2337,2337,2012-12-23 12:55:13,49.99
162,2249,2249,2012-12-24 02:35:44,49.99
163,2444,2444,2012-12-26 16:24:38,49.99
164,2445,2445,2012-12-26 20:36:29,49.99
165,2323,2323,2012-12-26 21:48:11,49.99
166,2398,2398,2012-12-27 18:09:17,49.99
167,2479,2479,2012-12-28 15:07:54,49.99
168,2446,2446,2012-12-31 17:05:00,49.99
169,2431,2431,2012-12-31 22:19:36,49.99
170,2426,2426,2013-01-01 14:30:14,49.99
171,2498,2498,2013-01-04 00:06:45,49.99
172,2489,2489,2013-01-04 11:38:50,49.99
173,2504,2504,2013-01-05 17:00:37,49.99
174,2492,2492,2013-01-06 01:50:15,49.99
175,2495,2495,2013-01-06 07:42:52,49.99
176,2549,2549,2013-01-07 01:10:03,49.99
177,2525,2525,2013-01-07 17:47:46,49.99
178,2619,2619,2013-01-09 17:13:54,49.99
179,2576,2576,2013-01-10 20:07:54,49.99
180,2711,2711,2013-01-12 05:10:13,49.99
181,2715,2715,2013-01-15 12:24:45,49.99
182,2621,2621,2013-01-15 13:09:56,49.99
183,2752,2752,2013-01-17 04:44:14,49.99
184,2660,2660,2013-01-17 18:44:28,49.99
185,2790,2790,2013-01-19 22:51:37,49.99
186,2755,2755,2013-01-24 13:47:12,49.99
187,2777,2777,2013-01-27 04:11:13,49.99
188,2789,2789,2013-01-27 04:20:14,49.99
189,2805,2805,2013-01-28 08:17:35,49.99
190,2846,2846,2013-01-29 06:53:06,59.99
191,2961,2961,2013-02-01 19:47:16,49.99
192,2833,2833,2013-02-01 21:10:04,49.99
193,2911,2911,2013-02-02 14:05:43,49.99
194,2978,2978,2013-02-03 20:08:05,49.99
195,2998,2998,2013-02-06 16:47:17,59.99
196,2906,2906,2013-02-07 05:42:43,49.99
197,2913,2913,2013-02-07 20:48:37,49.99
198,2958,2958,2013-02-10 23:31:08,49.99
199,3079,3079,2013-02-12 00:01:58,49.99
200,3014,3014,2013-02-12 11:30:22,49.99
201,3019,3019,2013-02-12 13:57:44,49.99
202,2999,2999,2013-02-13 02:20:25,49.99
203,3073,3073,2013-02-14 01:34:01,49.99
204,3048,3048,2013-02-20 05:32:09,49.99
205,3067,3067,2013-02-20 05:50:45,49.99
206,3284,3284,2013-02-20 06:06:12,59.99
207,3109,3109,2013-02-22 05:03:31,49.99
208,3297,3297,2013-02-22 16:58:52,49.99
209,3199,3199,2013-02-26 16:19:54,49.99
210,3118,3118,2013-02-27 02:11:35,49.99
211,3355,3355,2013-02-27 15:03:31,49.99
212,3178,3178,2013-02-28 01:47:26,49.99
213,3380,3380,2013-02-28 03:34:35,49.99
214,3306,3306,2013-03-02 02:09:14,49.99
215,3396,3396,2013-03-02 02:13:15,49.99
216,3313,3313,2013-03-04 02:16:39,49.99
217,3487,3487,2013-03-05 03:49:45,49.99
218,3373,3373,2013-03-05 05:29:03,49.99
219,3425,3425,2013-03-05 09:12:30,49.99
220,3400,3400,2013-03-06 05:10:24,49.99
221,3316,3316,2013-03-06 07:46:28,49.99
222,3452,3452,2013-03-07 21:42:06,49.99
223,3524,3524,2013-03-08 12:47:00,49.99
224,3517,3517,2013-03-08 22:58:45,49.99
225,3417,3417,2013-03-10 19:23:47,49.99
226,3499,3499,2013-03-17 21:26:57,59.99
227,3607,3607,2013-03-19 07:16:03,49.99
228,3573,3573,2013-03-19 09:49:01,49.99
229,3563,3563,2013-03-20 07:28:22,59.99
230,3585,3585,2013-03-21 11:20:07,49.99
231,3549,3549,2013-03-22 13:12:35,49.99
232,3633,3633,2013-03-24 09:17:09,49.99
233,3632,3632,2013-03-26 03:39:53,49.99
234,3806,3806,2013-03-31 17:52:14,49.99
235,3713,3713,2013-04-02 12:23:05,49.99
236,3769,3769,2013-04-03 19:46:38,49.99
237,3764,3764,2013-04-04 08:41:53,49.99
238,3807,3807,2013-04-05 06:08:15,49.99
239,3757,3757,2013-04-06 17:10:41,49.99
240,3814,3814,2013-04-07 08:38:39,49.99
241,3798,3798,2013-04-08 12:42:14,59.99
242,3856,3856,2013-04-08 18:35:49,49.99
243,3811,3811,2013-04-10 04:56:35,49.99
244,3953,3953,2013-04-10 07:44:15,49.99
245,3866,3866,2013-04-12 07:36:08,49.99
246,4033,4033,2013-04-17 05:01:41,49.99
247,3933,3933,2013-04-17 14:45:43,49.99
248,4114,4114,2013-04-18 10:28:46,49.99
249,4112,4112,2013-04-19 02:21:21,49.99
250,3989,3989,2013-04-19 22:59:51,49.99
251,4182,4182,2013-04-20 02:52:26,49.99
252,4045,4045,2013-04-20 06:55:06,49.99
253,4005,4005,2013-04-20 13:19:04,49.99
254,4001,4001,2013-04-20 17:04:11,49.99
255,4065,4065,2013-04-21 09:43:18,49.99
256,4037,4037,2013-04-22 08:05:09,49.99
257,3993,3993,2013-04-23 12:58:36,49.99
258,4222,4222,2013-05-02 04:42:18,49.99
259,4304,4304,2013-05-03 15:55:59,59.99
260,4396,4396,2013-05-04 00:28:40,49.99
261,4344,4344,2013-05-04 18:05:01,49.99
262,4257,4257,2013-05-05 01:01:17,49.99
263,4438,4438,2013-05-07 02:38:13,49.99
264,4420,4420,2013-05-09 17:34:56,49.99
265,4444,4444,2013-05-10 03:35:19,49.99
266,4507,4507,2013-05-10 10:03:29,49.99
267,4310,4310,2013-05-11 00:13:48,49.99
268,4494,4494,2013-05-14 01:51:41,49.99
269,4543,4543,2013-05-15 17:04:53,49.99
270,4590,4590,2013-05-15 18:18:43,49.99
271,4423,4423,2013-05-16 07:19:17,49.99
272,4696,4696,2013-05-18 17:57:34,49.99
273,4564,4564,2013-05-18 20:00:46,49.99
274,4610,4610,2013-05-19 10:55:47,49.99
275,4608,4608,2013-05-19 20:13:46,49.99
276,4576,4576,2013-05-19 20:40:41,49.99
277,4710,4710,2013-05-20 13:06:03,49.99
278,4611,4611,2013-05-21 23:59:49,49.99
279,4654,4654,2013-05-23 14:00:59,49.99
280,4620,4620,2013-05-23 17:27:33,49.99
281,4679,4679,2013-05-26 23:35:50,59.99
282,4793,4793,2013-05-27 09:45:33,49.99
283,4706,4706,2013-05-27 21:46:08,49.99
284,4726,4726,2013-05-28 05:44:41,49.99
285,4825,4825,2013-05-28 10:43:47,49.99
286,4680,4680,2013-05-28 22:10:51,49.99
287,4760,4760,2013-05-29 00:40:58,59.99
288,4758,4758,2013-05-31 18:17:58,49.99
289,4989,4989,2013-06-03 23:06:28,49.99
290,4915,4915,2013-06-04 06:54:42,49.99
291,4900,4900,2013-06-04 14:12:08,49.99
292,4807,4807,2013-06-04 20:48:52,49.99
293,4874,4874,2013-06-07 10:18:55,49.99
294,4879,4879,2013-06-07 19:37:29,49.99
295,5100,5100,2013-06-08 21:55:16,49.99
296,5095,5095,2013-06-08 23:33:50,49.99
297,5051,5051,2013-06-09 03:43:51,49.99
298,4993,4993,2013-06-09 13:24:38,49.99
299,4953,4953,2013-06-09 17:42:50,49.99
300,4907,4907,2013-06-11 01:06:52,49.99
301,5023,5023,2013-06-11 03:12:17,49.99
302,5134,5134,2013-06-11 21:45:48,49.99
303,4912,4912,2013-06-13 12:18:21,49.99
304,5007,5007,2013-06-17 23:10:51,59.99
305,5082,5082,2013-06-18 06:57:22,49.99
306,5257,5257,2013-06-18 12:08:14,59.99
307,5145,5145,2013-06-18 21:43:45,49.99
308,5128,5128,2013-06-19 11:47:44,49.99
309,5113,5113,2013-06-19 14:16:20,49.99
310,5168,5168,2013-06-20 01:37:09,49.99
311,5263,5263,2013-06-20 03:04:51,59.99
312,5124,5124,2013-06-20 11:43:36,49.99
313,5289,5289,2013-06-21 03:48:07,59.99
314,5108,5108,2013-06-22 15:45:53,49.99
315,5262,5262,2013-06-24 02:44:05,49.99
316,5333,5333,2013-06-24 15:52:48,49.99
317,5422,5422,2013-06-27 04:27:32,49.99
318,5284,5284,2013-06-27 04:52:26,49.99
319,5346,5346,2013-06-27 14:13:03,49.99
320,5261,5261,2013-06-27 17:50:46,49.99
321,5386,5386,2013-06-28 06:53:36,49.99
322,5239,5239,2013-06-28 23:54:35,59.99
323,5387,5387,2013-07-01 03:30:09,49.99
324,5531,5531,2013-07-01 05:03:02,49.99
325,5523,5523,2013-07-01 09:39:51,49.99
326,5518,5518,2013-07-02 00:22:22,49.99
327,5412,5412,2013-07-03 10:54:35,49.99
328,5565,5565,2013-07-03 13:20:48,49.99
329,5323,5323,2013-07-03 13:41:28,49.99
330,5390,5390,2013-07-03 15:47:22,49.99
331,5462,5462,2013-07-03 18:05:11,49.99
332,5408,5408,2013-07-04 02:35:37,49.99
333,5430,5430,2013-07-05 01:53:10,49.99
334,5474,5474,2013-07-06 08:00:18,49.99
335,5496,5496,2013-07-07 02:47:17,49.99
336,5569,5569,2013-07-07 12:52:59,49.99
337,5405,5405,2013-07-07 14:19:04,49.99
338,5586,5586,2013-07-07 14:20:14,49.99
339,5574,5574,2013-07-08 03:47:14,49.99
340,5616,5616,2013-07-08 13:37:13,49.99
341,5451,5451,2013-07-09 04:00:26,49.99
342,5635,5635,2013-07-09 06:03:54,49.99
343,5631,5631,2013-07-11 08:00:23,49.99
344,5663,5663,2013-07-11 15:40:05,49.99
345,5700,5700,2013-07-12 07:03:01,49.99
346,5712,5712,2013-07-12 21:00:18,49.99
347,5607,5607,2013-07-13 09:03:42,49.99
348,5576,5576,2013-07-14 08:59:52,49.99
349,5683,5683,2013-07-14 13:17:21,49.99
350,5746,5746,2013-07-15 19:22:51,49.99
351,5578,5578,2013-07-16 07:11:22,49.99
352,5843,5843,2013-07-18 22:37:28,49.99
353,5650,5650,2013-07-21 01:03:30,49.99
354,5696,5696,2013-07-22 00:53:45,49.99
355,5750,5750,2013-07-22 13:38:00,59.99
356,5906,5906,2013-07-22 16:36:14,49.99
357,5847,5847,2013-07-23 00:18:57,59.99
358,5863,5863,2013-07-25 09:25:06,49.99
359,5802,5802,2013-07-25 12:16:05,49.99
360,5855,5855,2013-07-25 12:44:57,49.99
361,5799,5799,2013-07-26 07:06:30,49.99
362,6031,6031,2013-07-27 06:08:09,49.99
363,5914,5914,2013-07-27 23:29:03,49.99
364,5865,5865,2013-07-28 22:35:52,49.99
365,5938,5938,2013-07-29 14:16:47,49.99
366,5946,5946,2013-07-29 22:14:12,49.99
367,6074,6074,2013-07-31 17:11:21,49.99
368,6047,6047,2013-08-01 13:54:53,49.99
369,6158,6158,2013-08-02 14:28:00,49.99
370,6054,6054,2013-08-05 03:29:38,49.99
371,5933,5933,2013-08-05 06:30:01,49.99
372,5993,5993,2013-08-06 15:56:00,59.99
373,6052,6052,2013-08-06 23:05:29,49.99
374,6139,6139,2013-08-07 03:10:48,49.99
375,6195,6195,2013-08-07 17:43:55,49.99
376,6075,6075,2013-08-07 18:48:18,49.99
377,6059,6059,2013-08-08 01:45:45,49.99
378,6008,6008,2013-08-08 05:48:27,49.99
379,6269,6269,2013-08-09 02:05:49,49.99
380,6110,6110,2013-08-09 18:01:49,49.99
381,6226,6226,2013-08-11 08:49:18,49.99
382,6247,6247,2013-08-11 21:31:12,49.99
383,6251,6251,2013-08-12 11:23:39,49.99
384,6324,6324,2013-08-13 19:22:24,49.99
385,6103,6103,2013-08-13 19:29:10,49.99
386,6173,6173,2013-08-14 20:55:50,49.99
387,6215,6215,2013-08-16 18:07:02,49.99
388,6244,6244,2013-08-17 11:59:12,49.99
389,6395,6395,2013-08-18 14:43:24,59.99
390,6387,6387,2013-08-19 00:45:32,49.99
391,6259,6259,2013-08-19 06:11:14,49.99
392,6273,6273,2013-08-19 10:30:02,49.99
393,6421,6421,2013-08-19 20:05:36,49.99
394,6302,6302,2013-08-20 01:34:58,49.99
395,6355,6355,2013-08-23 11:30:59,49.99
396,6432,6432,2013-08-23 20:08:02,49.99
397,6528,6528,2013-08-25 14:35:51,49.99
398,6465,6465,2013-08-25 18:27:06,49.99
399,6461,6461,2013-08-26 18:26:33,49.99
400,6634,6634,2013-08-27 07:05:51,49.99
401,6451,6451,2013-08-29 04:21:52,49.99
402,6526,6526,2013-08-29 12:26:24,49.99
403,6504,6504,2013-09-01 04:47:41,49.99
404,6589,6589,2013-09-02 21:26:40,49.99
405,6627,6627,2013-09-03 11:29:38,49.99
406,6758,6758,2013-09-07 08:56:46,49.99
407,6721,6721,2013-09-08 06:13:39,49.99
408,6805,6805,2013-09-10 12:36:17,49.99
409,6743,6743,2013-09-11 03:49:15,49.99
410,6882,6882,2013-09-11 23:05:44,49.99
411,6899,6899,2013-09-12 02:42:44,49.99
412,6943,6943,2013-09-13 18:33:40,49.99
413,6750,6750,2013-09-14 01:52:27,49.99
414,6940,6940,2013-09-16 20:39:05,49.99
415,6825,6825,2013-09-16 22:24:02,49.99
416,6865,6865,2013-09-17 16:28:33,49.99
417,7009,7009,2013-09-17 20:47:53,49.99
418,6991,6991,2013-09-18 13:29:48,49.99
419,7035,7035,2013-09-19 18:39:21,49.99
420,6947,6947,2013-09-20 14:30:00,49.99
421,6952,6952,2013-09-21 22:18:54,49.99
422,6981,6981,2013-09-22 23:10:26,49.99
423,6999,6999,2013-09-23 03:03:26,49.99
424,7154,7154,2013-09-25 05:22:44,49.99
425,7250,7250,2013-09-26 20:43:33,49.99
426,7077,7077,2013-09-30 01:36:47,49.99
427,7230,7230,2013-10-02 03:32:38,49.99
428,7354,7351,2013-10-02 19:43:28,59.99
429,7164,7164,2013-10-04 22:30:49,49.99
430,7192,7192,2013-10-04 23:06:47,49.99
431,7480,7473,2013-10-06 04:31:09,49.99
432,7512,7503,2013-10-06 22:07:18,49.99
433,7259,7259,2013-10-07 04:37:59,49.99
434,7323,7320,2013-10-08 21:41:55,49.99
435,7308,7306,2013-10-09 13:13:03,49.99
436,7533,7522,2013-10-11 05:30:26,49.99
437,7582,7567,2013-10-14 23:30:49,59.99
438,7502,7493,2013-10-15 00:17:55,49.99
439,7741,7718,2013-10-19 11:41:39,49.99
440,7736,7713,2013-10-21 16:51:00,49.99
441,7636,7616,2013-10-22 18:03:52,49.99
442,7889,7863,2013-10-23 14:51:12,49.99
443,7598,7582,2013-10-24 09:28:08,49.99
444,7667,7647,2013-10-26 06:25:27,49.99
445,8014,7984,2013-10-28 10:54:43,49.99
446,7847,7821,2013-11-01 16:52:37,49.99
447,7877,7851,2013-11-01 17:19:22,59.99
448,7945,7916,2013-11-02 10:20:43,49.99
449,8101,8069,2013-11-03 19:47:48,49.99
450,8164,8128,2013-11-05 16:01:03,49.99
451,8041,8011,2013-11-06 18:24:04,49.99
452,7939,7910,2013-11-07 05:48:28,49.99
453,8049,8019,2013-11-07 06:57:27,49.99
454,8270,8232,2013-11-13 22:31:23,49.99
455,8287,8248,2013-11-15 02:25:42,49.99
456,8530,8481,2013-11-22 09:14:27,49.99
457,8521,8472,2013-11-22 13:33:32,49.99
458,8578,8527,2013-11-24 09:50:09,49.99
459,8359,8319,2013-11-25 15:12:45,59.99
460,8657,8604,2013-11-25 19:05:47,49.99
461,8637,8586,2013-11-27 07:35:46,49.99
462,8602,8551,2013-11-27 18:59:37,49.99
463,8703,8647,2013-11-28 01:44:23,59.99
464,8783,8722,2013-12-01 08:03:06,49.99
465,8732,8674,2013-12-01 17:57:55,49.99
466,8729,8671,2013-12-02 04:41:59,49.99
467,9052,8979,2013-12-03 05:30:10,49.99
468,8737,8678,2013-12-03 14:51:20,49.99
469,8911,8843,2013-12-04 14:42:53,49.99
470,8675,8622,2013-12-05 09:22:26,59.99
471,9086,9010,2013-12-06 19:16:18,49.99
472,8856,8789,2013-12-07 04:38:55,49.99
473,8836,8770,2013-12-07 11:04:48,49.99
474,8935,8867,2013-12-08 07:14:09,49.99
475,8967,8896,2013-12-08 07:28:06,59.99
476,8957,8887,2013-12-09 20:11:48,49.99
477,8929,8861,2013-12-10 01:44:03,49.99
478,8978,8906,2013-12-10 11:08:49,49.99
479,8997,8925,2013-12-10 15:51:57,49.99
480,9069,8996,2013-12-10 20:42:50,49.99
481,9181,9103,2013-12-11 03:20:46,59.99
482,8992,8920,2013-12-11 13:27:19,49.99
483,9378,9297,2013-12-12 13:14:50,49.99
484,8915,8847,2013-12-13 10:50:18,49.99
485,9386,9304,2013-12-13 19:03:23,59.99
486,9344,9264,2013-12-14 03:53:02,49.99
487,8849,8782,2013-12-14 15:33:14,49.99
488,9407,9324,2013-12-16 11:50:31,59.99
489,9359,9278,2013-12-16 14:51:50,49.99
490,9550,9456,2013-12-17 22:11:26,45.99
491,9324,9244,2013-12-18 20:11:56,49.99
492,9406,9324,2013-12-19 21:50:31,49.99
493,9443,9356,2013-12-20 08:33:45,49.99
494,9753,9637,2013-12-22 03:33:17,45.99
495,9705,9593,2013-12-22 20:59:19,49.99
496,9831,9708,2013-12-23 07:35:50,49.99
497,9632,9530,2013-12-23 08:06:54,49.99
498,9717,9604,2013-12-23 14:07:39,49.99
499,9413,9330,2013-12-24 22:26:39,49.99
500,9662,9557,2013-12-26 21:12:21,49.99
501,9668,9562,2013-12-27 07:23:16,49.99
502,9844,9720,2013-12-27 09:07:36,45.99
503,9508,9417,2013-12-27 20:01:18,45.99
504,9752,9636,2013-12-28 22:25:38,49.99
505,9658,9553,2013-12-29 04:25:32,45.99
506,9886,9759,2013-12-30 11:01:17,45.99
507,9821,9700,2013-12-31 14:12:03,49.99
508,9611,9512,2013-12-31 22:38:14,49.99
509,9971,9838,2014-01-03 00:42:51,59.99
510,10104,9949,2014-01-03 22:46:25,45.99
511,10075,9925,2014-01-05 00:43:13,45.99
512,10047,9903,2014-01-06 07:13:14,45.99
513,10274,10098,2014-01-06 10:30:53,49.99
514,9891,9763,2014-01-07 05:19:10,45.99
515,10068,9919,2014-01-07 12:18:01,49.99
516,10285,10109,2014-01-08 17:28:31,49.99
517,10207,10041,2014-01-09 14:13:21,45.99
518,10321,10143,2014-01-12 19:15:45,59.99
519,10509,10309,2014-01-14 18:19:27,45.99
520,10430,10241,2014-01-14 19:40:53,59.99
521,10330,10151,2014-01-15 20:06:48,45.99
522,10604,10395,2014-01-16 01:14:22,45.99
523,10540,10335,2014-01-17 01:59:14,45.99
524,10301,10124,2014-01-17 06:59:35,49.99
525,10334,10155,2014-01-17 17:53:48,49.99
526,10699,10478,2014-01-19 08:22:15,45.99
527,10577,10371,2014-01-20 06:39:07,49.99
528,10373,10191,2014-01-20 18:13:53,49.99
529,10503,10304,2014-01-21 02:43:13,49.99
530,10707,10486,2014-01-21 17:37:42,49.99
531,10771,10540,2014-01-22 20:04:47,49.99
532,10385,10202,2014-01-22 20:47:11,45.99
533,10671,10454,2014-01-23 06:10:13,49.99
534,10669,10453,2014-01-23 06:59:12,49.99
535,10820,10582,2014-01-25 12:11:43,45.99
536,10513,10312,2014-01-25 19:50:22,49.99
537,10690,10470,2014-01-27 21:08:12,59.99
538,10977,10719,2014-01-28 09:57:24,49.99
539,10673,10456,2014-01-28 13:22:23,49.99
540,10854,10610,2014-01-28 22:50:24,45.99
541,10653,10439,2014-01-29 13:24:39,49.99
542,10624,10413,2014-01-30 04:06:18,49.99
543,10618,10408,2014-01-30 10:46:03,59.99
544,10859,10615,2014-01-31 10:37:12,49.99
545,10792,10558,2014-02-01 03:08:27,49.99
546,10721,10497,2014-02-01 03:22:00,49.99
547,10949,10693,2014-02-02 00:25:06,49.99
548,10786,10553,2014-02-02 05:38:23,49.99
549,10746,10519,2014-02-02 12:30:50,49.99
550,10934,10678,2014-02-02 21:05:09,45.99
551,10851,10607,2014-02-03 12:01:59,49.99
552,10994,10736,2014-02-04 13:36:33,49.99
553,10965,10707,2014-02-05 06:19:05,49.99
554,11162,10885,2014-02-05 10:56:12,49.99
555,11368,11062,2014-02-05 16:23:28,49.99
556,11313,11018,2014-02-06 04:08:28,49.99
557,11030,10769,2014-02-06 12:15:01,49.99
558,11110,10839,2014-02-07 02:50:09,45.99
559,11418,11106,2014-02-08 22:50:49,49.99
560,11153,10877,2014-02-09 01:42:05,49.99
561,11155,10878,2014-02-09 06:23:27,49.99
562,11554,11208,2014-02-09 08:01:23,45.99
563,11525,11188,2014-02-10 05:50:25,49.99
564,11455,11139,2014-02-10 07:35:46,49.99
565,11199,10917,2014-02-10 20:08:43,45.99
566,11272,10983,2014-02-11 17:13:35,49.99
567,11144,10869,2014-02-12 01:32:14,45.99
568,11393,11084,2014-02-12 03:28:45,45.99
569,11184,10904,2014-02-14 08:29:42,49.99
570,11482,11157,2014-02-14 09:10:25,45.99
571,11439,11124,2014-02-14 09:38:13,49.99
572,11758,11367,2014-02-14 17:13:20,59.99
573,11788,11390,2014-02-14 17:59:23,45.99
574,11550,11206,2014-02-15 14:12:54,45.99
575,11600,11244,2014-02-15 21:54:10,49.99
576,11493,11165,2014-02-17 22:42:45,29.99
577,11557,11211,2014-02-18 20:53:19,49.99
578,11944,11511,2014-02-20 14:42:45,45.99
579,12144,11658,2014-02-22 09:50:13,49.99
580,12068,11603,2014-02-22 18:45:29,49.99
581,11629,11265,2014-02-23 12:02:12,59.99
582,12174,11680,2014-02-23 16:11:02,49.99
583,12330,11787,2014-02-24 00:08:03,45.99
584,11825,11419,2014-02-24 08:18:13,59.99
585,11955,11522,2014-02-24 13:55:31,59.99
586,11778,11382,2014-02-25 19:36:40,59.99
587,12044,11588,2014-02-26 13:26:09,49.99
588,12097,11626,2014-02-26 15:13:39,49.99
589,12320,11780,2014-02-26 17:19:09,45.99
590,12444,11877,2014-02-27 09:25:50,49.99
591,12175,11681,2014-02-27 14:34:45,45.99
592,12373,11822,2014-02-28 02:31:09,49.99
593,12438,11873,2014-02-28 21:22:50,45.99
594,11974,11535,2014-03-01 10:59:50,59.99
595,12122,11643,2014-03-01 13:21:04,45.99
596,12430,11866,2014-03-01 20:14:03,29.99
597,12035,11582,2014-03-02 02:18:21,49.99
598,12359,11811,2014-03-02 20:08:24,45.99
599,12406,11848,2014-03-02 20:33:35,49.99
600,12135,11652,2014-03-03 23:49:12,49.99
601,12287,11760,2014-03-04 19:59:19,45.99
602,12608,11999,2014-03-05 11:49:54,49.99
603,12744,12101,2014-03-08 00:37:01,49.99
604,12737,12095,2014-03-08 01:13:49,49.99
605,12761,12115,2014-03-09 05:12:32,45.99
606,12403,11845,2014-03-09 06:52:47,49.99
607,12544,11951,2014-03-09 19:25:17,49.99
608,12531,11941,2014-03-11 04:40:05,49.99
609,12591,11987,2014-03-13 03:24:53,49.99
610,12738,12096,2014-03-13 03:26:11,49.99
611,12560,11964,2014-03-14 14:28:06,45.99
612,13175,12436,2014-03-15 04:16:38,49.99
613,12869,12198,2014-03-15 09:09:23,49.99
614,12724,12085,2014-03-16 10:27:47,49.99
615,12844,12179,2014-03-16 15:24:21,59.99
616,13224,12470,2014-03-17 18:34:45,49.99
617,13251,12491,2014-03-18 01:20:59,45.99
618,12902,12225,2014-03-18 12:58:10,45.99
619,13003,12295,2014-03-19 19:06:22,49.99
620,12970,12273,2014-03-20 04:50:10,45.99
621,13150,12414,2014-03-20 10:40:28,49.99
622,13405,12601,2014-03-21 02:37:19,49.99
623,13530,12694,2014-03-22 21:17:45,45.99
624,12960,12267,2014-03-23 13:10:19,45.99
625,13165,12428,2014-03-23 22:27:33,49.99
626,13651,12783,2014-03-24 15:46:08,49.99
627,13259,12497,2014-03-24 20:15:46,45.99
628,13108,12377,2014-03-25 06:33:06,49.99
629,13230,12474,2014-03-25 18:40:12,29.99
630,13669,12798,2014-03-26 02:11:53,49.99
631,13542,12704,2014-03-26 09:52:51,49.99
632,13508,12677,2014-03-26 14:46:45,45.99
633,13343,12553,2014-03-27 12:38:52,59.99
634,13606,12749,2014-03-28 11:16:37,45.99
635,13438,12626,2014-03-28 12:21:44,45.99
636,13400,12596,2014-03-28 13:07:30,49.99
637,13817,12905,2014-03-29 14:27:31,49.99
638,13452,12637,2014-03-30 22:35:06,49.99
639,13903,12967,2014-04-01 11:14:44,45.99
640,13904,12968,2014-04-02 03:44:28,45.99
641,13458,12640,2014-04-02 10:48:52,49.99
642,13769,12868,2014-04-02 21:25:42,45.99
643,13855,12932,2014-04-04 04:14:15,45.99
644,13766,12866,2014-04-04 04:48:41,49.99
645,13956,13006,2014-04-04 13:08:31,45.99
646,13983,13028,2014-04-04 18:11:16,45.99
647,13962,13011,2014-04-05 04:16:24,49.99
648,13939,12994,2014-04-05 18:00:31,49.99
649,13798,12891,2014-04-06 17:59:51,45.99
650,14161,13162,2014-04-07 13:50:43,49.99
651,13934,12989,2014-04-08 05:13:40,49.99
652,14244,13227,2014-04-09 21:50:41,49.99
653,14320,13285,2014-04-10 04:04:55,49.99
654,14331,13293,2014-04-10 07:27:22,49.99
655,13883,12951,2014-04-11 07:40:00,59.99
656,14397,13339,2014-04-11 08:27:56,45.99
657,14216,13206,2014-04-11 10:24:05,49.99
658,13964,13012,2014-04-12 05:30:50,49.99
659,14429,13361,2014-04-13 04:59:13,49.99
660,14175,13172,2014-04-13 06:48:15,49.99
661,14377,13324,2014-04-13 19:40:02,49.99
662,14160,13161,2014-04-16 00:44:01,49.99
663,14610,13503,2014-04-17 15:06:51,49.99
664,14798,13640,2014-04-18 04:58:58,49.99
665,14407,13345,2014-04-18 14:31:52,49.99
666,14803,13644,2014-04-19 02:35:27,49.99
667,14466,13389,2014-04-19 08:20:46,49.99
668,14432,13363,2014-04-19 12:23:39,49.99
669,14721,13586,2014-04-20 12:19:32,45.99
670,14444,13372,2014-04-20 13:12:34,49.99
671,14985,13785,2014-04-20 15:16:26,49.99
672,14591,13489,2014-04-21 02:44:39,45.99
673,14427,13360,2014-04-21 12:36:33,49.99
674,14920,13737,2014-04-21 19:09:14,45.99
675,14975,13778,2014-04-22 07:02:24,49.99
676,15005,13798,2014-04-22 07:08:08,49.99
677,14785,13630,2014-04-22 15:39:29,45.99
678,14832,13667,2014-04-23 03:12:27,45.99
679,14766,13618,2014-04-24 02:49:46,45.99
680,15133,13889,2014-04-24 04:28:50,59.99
681,14554,13458,2014-04-24 20:20:45,49.99
682,15207,13946,2014-04-25 07:19:08,45.99
683,14628,13516,2014-04-25 13:14:11,45.99
684,14838,13672,2014-04-25 18:29:30,49.99
685,15115,13875,2014-04-26 12:10:39,49.99
686,14855,13687,2014-04-27 05:43:00,49.99
687,15256,13986,2014-04-27 09:17:42,45.99
688,14851,13683,2014-04-27 14:23:27,49.99
689,14742,13602,2014-04-28 22:56:09,49.99
690,15353,14054,2014-04-29 00:42:44,49.99
691,14996,13792,2014-04-29 09:55:36,59.99
692,15391,14081,2014-04-29 10:32:30,45.99
693,14771,13622,2014-04-30 19:04:35,49.99
694,15140,13894,2014-05-01 00:31:26,45.99
695,15188,13930,2014-05-01 18:03:35,49.99
696,14946,13756,2014-05-02 16:55:29,45.99
697,15108,13871,2014-05-03 03:09:53,49.99
698,15811,14392,2014-05-04 07:02:07,49.99
699,15518,14172,2014-05-04 07:32:54,29.99
700,15255,13985,2014-05-04 15:54:25,59.99
701,15848,14419,2014-05-05 03:44:02,45.99
702,15266,13994,2014-05-05 13:42:18,29.99
703,15399,14086,2014-05-06 20:02:19,49.99
704,15377,14070,2014-05-07 03:07:19,45.99
705,15926,14476,2014-05-07 06:43:27,45.99
706,15482,14146,2014-05-08 15:13:51,29.99
707,15571,14213,2014-05-08 16:54:17,45.99
708,15703,14314,2014-05-09 01:36:12,45.99
709,15508,14165,2014-05-09 05:29:56,45.99
710,15709,14317,2014-05-09 09:10:13,59.99
711,15833,14408,2014-05-09 17:22:34,45.99
712,15630,14260,2014-05-10 03:34:03,45.99
713,16082,14585,2014-05-10 05:46:15,29.99
714,15462,14131,2014-05-11 09:55:29,29.99
715,15924,14475,2014-05-12 18:25:00,49.99
716,15593,14230,2014-05-13 08:24:31,49.99
717,16030,14547,2014-05-13 09:57:18,45.99
718,16020,14542,2014-05-13 20:01:45,49.99
719,15824,14401,2014-05-13 21:20:59,45.99
720,15853,14423,2014-05-14 14:17:42,45.99
721,16235,14697,2014-05-15 12:39:58,45.99
722,15843,14416,2014-05-16 05:06:02,45.99
723,16056,14566,2014-05-17 08:41:16,49.99
724,16173,14653,2014-05-17 18:23:16,45.99
725,16633,14989,2014-05-18 07:29:27,49.99
726,16418,14830,2014-05-19 02:24:14,49.99
727,15974,14507,2014-05-20 05:11:38,49.99
728,16565,14936,2014-05-20 13:49:15,49.99
729,16416,14828,2014-05-20 15:26:42,45.99
730,16329,14766,2014-05-20 19:49:10,45.99
731,16304,14747,2014-05-21 11:40:04,59.99
732,16062,14570,2014-05-22 13:59:58,49.99
733,16414,14827,2014-05-23 02:39:07,49.99
734,16618,14975,2014-05-23 22:34:56,49.99
735,16257,14715,2014-05-24 08:40:16,49.99
736,16627,14984,2014-05-24 09:37:29,49.99
737,17110,15338,2014-05-24 23:31:07,49.99
738,16378,14801,2014-05-26 06:35:51,49.99
739,16851,15148,2014-05-27 16:57:12,49.99
740,16641,14993,2014-05-28 19:36:16,45.99
741,16690,15033,2014-05-29 10:00:56,45.99
742,16670,15016,2014-05-29 14:11:19,49.99
743,17234,15436,2014-05-30 02:21:59,59.99
744,17089,15323,2014-05-31 12:25:31,45.99
745,17214,15419,2014-06-01 20:34:06,59.99
746,17273,15465,2014-06-01 20:47:16,45.99
747,17132,15353,2014-06-02 00:36:31,29.99
748,17360,15523,2014-06-02 02:10:57,49.99
749,16879,15166,2014-06-02 12:30:30,45.99
750,16962,15229,2014-06-03 05:15:48,49.99
751,17620,15715,2014-06-03 13:09:52,49.99
752,16956,15224,2014-06-03 18:50:06,49.99
753,17510,15633,2014-06-03 22:15:36,45.99
754,17459,15596,2014-06-04 18:41:32,49.99
755,17173,15388,2014-06-04 21:04:33,49.99
756,17265,15458,2014-06-05 03:52:32,59.99
757,17642,15732,2014-06-06 03:59:18,49.99
758,17482,15613,2014-06-06 15:51:13,49.99
759,17750,15810,2014-06-07 10:20:58,59.99
760,17601,15702,2014-06-08 09:58:59,49.99
761,17881,15908,2014-06-08 20:39:54,49.99
762,17857,15890,2014-06-09 00:25:57,49.99
763,17385,15539,2014-06-09 01:51:17,49.99
764,17209,15415,2014-06-09 02:00:27,49.99
765,17419,15565,2014-06-09 18:47:39,49.99
766,17938,15946,2014-06-10 00:33:58,49.99
767,17403,15555,2014-06-10 03:34:50,49.99
768,17354,15519,2014-06-10 04:55:19,49.99
769,17829,15870,2014-06-10 18:38:15,49.99
770,17751,15811,2014-06-11 23:40:25,49.99
771,17619,15714,2014-06-12 09:32:33,45.99
772,18032,16015,2014-06-12 17:43:32,45.99
773,17554,15668,2014-06-13 01:00:13,49.99
774,18080,16053,2014-06-13 14:15:31,49.99
775,17845,15879,2014-06-14 08:51:09,49.99
776,17672,15752,2014-06-14 15:16:30,59.99
777,18019,16005,2014-06-14 18:36:14,49.99
778,18320,16227,2014-06-16 02:19:46,29.99
779,18110,16073,2014-06-16 14:30:33,29.99
780,17848,15882,2014-06-16 17:06:36,49.99
781,18271,16192,2014-06-17 12:08:00,49.99
782,18288,16204,2014-06-17 19:52:13,49.99
783,17755,15814,2014-06-17 19:57:03,45.99
784,18146,16101,2014-06-18 01:58:33,49.99
785,18415,16302,2014-06-18 09:26:05,49.99
786,17856,15889,2014-06-18 23:05:22,49.99
787,18070,16045,2014-06-19 03:20:38,29.99
788,18375,16274,2014-06-19 11:33:56,49.99
789,18327,16233,2014-06-19 13:09:00,49.99
790,18053,16033,2014-06-19 15:08:43,49.99
791,18573,16422,2014-06-20 02:10:41,49.99
792,17828,15869,2014-06-20 08:52:23,45.99
793,18419,16305,2014-06-20 14:18:21,49.99
794,18301,16215,2014-06-21 10:52:06,49.99
795,18389,16284,2014-06-21 17:18:52,29.99
796,18049,16029,2014-06-22 12:11:36,45.99
797,18100,16067,2014-06-22 12:41:47,49.99
798,18698,16514,2014-06-22 14:53:41,49.99
799,18267,16189,2014-06-23 02:15:43,49.99
800,18609,16445,2014-06-23 06:51:10,45.99
801,18090,16060,2014-06-23 10:37:59,59.99
802,18312,16223,2014-06-24 17:14:37,49.99
803,18072,16047,2014-06-24 23:12:34,49.99
804,18686,16503,2014-06-25 13:51:51,49.99
805,18847,16628,2014-06-25 22:20:36,45.99
806,18226,16160,2014-06-27 04:13:14,45.99
807,18599,16438,2014-06-27 06:57:15,59.99
808,18713,16526,2014-06-28 07:36:56,59.99
809,18804,16596,2014-06-29 02:03:00,45.99
810,18542,16398,2014-06-29 16:50:34,49.99
811,19138,16836,2014-06-29 21:40:30,45.99
812,18720,16531,2014-06-30 04:33:18,49.99
813,18602,16440,2014-06-30 18:02:24,59.99
814,19100,16814,2014-07-01 09:38:33,49.99
815,18532,16392,2014-07-01 16:06:36,49.99
816,18903,16671,2014-07-01 21:18:18,45.99
817,18658,16481,2014-07-02 03:28:18,49.99
818,18786,16582,2014-07-02 13:44:35,45.99
819,18578,16425,2014-07-02 14:22:01,49.99
820,18954,16704,2014-07-02 15:55:22,49.99
821,19097,16811,2014-07-04 04:13:02,59.99
822,19235,16908,2014-07-04 05:57:54,49.99
823,19318,16971,2014-07-04 06:55:28,49.99
824,19052,16781,2014-07-04 13:49:14,49.99
825,19213,16890,2014-07-04 23:55:26,29.99
826,19268,16936,2014-07-05 00:06:59,45.99
827,18719,16530,2014-07-06 00:14:47,49.99
828,19335,16984,2014-07-06 02:38:13,49.99
829,19076,16796,2014-07-06 05:18:40,29.99
830,18777,16577,2014-07-06 05:49:16,49.99
831,18849,16630,2014-07-06 07:22:30,49.99
832,18826,16613,2014-07-06 08:10:37,59.99
833,18922,16684,2014-07-06 13:12:38,45.99
834,18889,16660,2014-07-06 15:52:53,49.99
835,19025,16761,2014-07-07 04:46:59,49.99
836,19336,16985,2014-07-07 04:56:03,49.99
837,19220,16896,2014-07-07 08:06:50,49.99
838,19216,16893,2014-07-07 15:51:20,49.99
839,18994,16738,2014-07-08 09:44:50,45.99
840,19103,16816,2014-07-09 00:44:31,49.99
841,19529,17127,2014-07-09 02:34:38,29.99
842,19206,16885,2014-07-09 14:34:30,45.99
843,19029,16764,2014-07-10 13:01:05,49.99
844,19232,16905,2014-07-11 10:48:03,59.99
845,19606,17189,2014-07-11 11:34:02,49.99
846,19272,16939,2014-07-11 23:36:47,49.99
847,19433,17058,2014-07-12 00:17:50,59.99
848,19558,17150,2014-07-12 07:42:04,49.99
849,19251,16921,2014-07-12 14:29:30,49.99
850,19451,17070,2014-07-12 19:13:47,45.99
851,19174,16862,2014-07-13 06:35:29,49.99
852,19140,16838,2014-07-13 16:28:02,49.99
853,19342,16990,2014-07-14 01:41:58,49.99
854,19281,16944,2014-07-14 04:09:33,49.99
855,19728,17280,2014-07-14 11:37:07,49.99
856,19822,17349,2014-07-14 20:51:35,49.99
857,19332,16981,2014-07-15 19:26:36,45.99
858,19858,17375,2014-07-16 04:20:20,49.99
859,19347,16994,2014-07-16 21:44:47,59.99
860,20036,17508,2014-07-17 08:28:26,49.99
861,19981,17467,2014-07-17 13:25:48,49.99
862,19866,17381,2014-07-18 00:05:59,29.99
863,20132,17575,2014-07-18 17:34:52,49.99
864,19831,17355,2014-07-19 09:33:11,59.99
865,20189,17614,2014-07-19 15:34:02,49.99
866,19942,17437,2014-07-19 21:00:07,49.99
867,19684,17246,2014-07-21 04:57:41,45.99
868,19635,17211,2014-07-21 21:47:48,49.99
869,20129,17573,2014-07-21 23:16:09,49.99
870,19671,17236,2014-07-22 06:58:14,59.99
871,20022,17498,2014-07-23 05:12:57,59.99
872,19811,17340,2014-07-23 06:48:10,49.99
873,20160,17596,2014-07-23 10:04:13,45.99
874,20210,17630,2014-07-23 13:48:53,49.99
875,20371,17755,2014-07-23 23:07:03,45.99
876,20380,17761,2014-07-24 07:20:55,49.99
877,20339,17730,2014-07-24 14:37:39,49.99
878,19797,17330,2014-07-24 19:48:03,59.99
879,20262,17674,2014-07-25 14:12:36,29.99
880,19848,17368,2014-07-25 20:25:34,49.99
881,20355,17743,2014-07-26 17:17:06,49.99
882,19933,17430,2014-07-26 22:01:23,49.99
883,20171,17603,2014-07-27 11:36:52,49.99
884,19919,17418,2014-07-28 00:37:01,49.99
885,20070,17530,2014-07-28 11:48:15,45.99
886,20116,17564,2014-07-28 18:37:20,49.99
887,20288,17693,2014-07-28 19:26:29,49.99
888,20439,17805,2014-07-29 00:41:55,49.99
889,20092,17547,2014-07-29 03:12:04,49.99
890,20374,17757,2014-07-29 13:26:45,49.99
891,20620,17934,2014-07-30 05:50:26,45.99
892,20645,17954,2014-08-01 08:10:49,49.99
893,20342,17733,2014-08-02 04:13:19,45.99
894,20425,17796,2014-08-02 06:45:47,59.99
895,20506,17855,2014-08-02 15:13:40,49.99
896,20276,17685,2014-08-02 16:01:43,59.99
897,20740,18022,2014-08-02 23:55:52,49.99
898,20469,17829,2014-08-03 17:08:20,59.99
899,21063,18259,2014-08-04 02:54:00,49.99
900,20316,17714,2014-08-04 15:17:30,45.99
901,20779,18051,2014-08-05 16:23:27,49.99
902,20773,18046,2014-08-06 02:16:12,45.99
903,20398,17776,2014-08-06 06:30:01,29.99
904,20607,17926,2014-08-06 21:16:28,49.99
905,20621,17935,2014-08-07 06:08:42,49.99
906,21221,18376,2014-08-08 22:42:37,45.99
907,20990,18205,2014-08-09 20:04:14,49.99
908,20973,18192,2014-08-10 10:04:08,49.99
909,21303,18438,2014-08-11 12:49:32,45.99
910,20876,18124,2014-08-11 18:50:48,49.99
911,21205,18364,2014-08-12 03:12:25,49.99
912,21103,18287,2014-08-12 03:31:59,49.99
913,21014,18222,2014-08-12 08:38:45,49.99
914,21349,18472,2014-08-12 11:49:43,45.99
915,21306,18441,2014-08-12 19:19:32,49.99
916,21084,18274,2014-08-14 02:05:57,59.99
917,21143,18319,2014-08-14 02:46:37,45.99
918,21025,18230,2014-08-14 08:17:24,49.99
919,21011,18219,2014-08-14 21:53:13,49.99
920,20991,18206,2014-08-14 23:04:23,45.99
921,21254,18402,2014-08-15 03:49:05,49.99
922,21223,18377,2014-08-15 04:53:05,49.99
923,21507,18592,2014-08-15 23:29:10,49.99
924,21421,18529,2014-08-16 21:52:30,45.99
925,21744,18767,2014-08-16 22:57:28,49.99
926,21714,18743,2014-08-17 13:01:29,49.99
927,21345,18470,2014-08-20 09:20:59,49.99
928,21882,18871,2014-08-20 16:09:45,49.99
929,21356,18478,2014-08-20 20:03:54,45.99
930,21276,18419,2014-08-21 09:33:59,49.99
931,21319,18451,2014-08-21 22:03:27,49.99
932,21639,18690,2014-08-22 17:34:30,49.99
933,22216,19116,2014-08-23 00:56:53,49.99
934,22133,19054,2014-08-23 09:47:42,49.99
935,22129,19050,2014-08-23 10:17:12,49.99
936,21423,18530,2014-08-23 10:59:57,45.99
937,22155,19070,2014-08-23 11:30:44,49.99
938,21829,18830,2014-08-23 16:59:26,45.99
939,22107,19032,2014-08-23 18:23:38,49.99
940,22123,19046,2014-08-24 00:13:24,49.99
941,22215,19115,2014-08-24 02:19:02,49.99
942,21855,18849,2014-08-24 05:00:16,45.99
943,22166,19078,2014-08-24 14:52:50,49.99
944,22169,19081,2014-08-24 18:04:51,49.99
945,22208,19110,2014-08-24 19:31:32,49.99
946,22247,19138,2014-08-24 20:13:15,49.99
947,21939,18915,2014-08-24 21:29:16,45.99
948,22118,19042,2014-08-24 22:22:47,59.99
949,22142,19060,2014-08-25 03:05:56,49.99
950,22267,19154,2014-08-25 04:26:32,45.99
951,21841,18839,2014-08-25 06:58:51,49.99
952,22201,19105,2014-08-25 17:10:20,45.99
953,22177,19086,2014-08-25 17:52:45,45.99
954,22336,19206,2014-08-25 22:31:25,49.99
955,22316,19191,2014-08-25 23:05:21,49.99
956,22117,19041,2014-08-26 09:21:22,45.99
957,21592,18657,2014-08-26 20:07:18,59.99
958,21876,18866,2014-08-27 22:20:37,49.99
959,22375,19237,2014-08-28 19:54:31,49.99
960,21889,18877,2014-08-29 04:11:28,49.99
961,22481,19313,2014-08-29 08:14:46,45.99
962,22270,19157,2014-08-29 10:49:59,49.99
963,22312,19188,2014-08-29 13:15:34,49.99
964,21794,18805,2014-08-29 13:57:56,45.99
965,22505,19329,2014-08-29 18:39:41,49.99
966,22356,19222,2014-08-29 19:00:03,49.99
967,22068,19005,2014-08-29 19:20:47,49.99
968,22167,19079,2014-08-29 19:56:30,49.99
969,22357,19223,2014-08-29 22:09:07,49.99
970,21887,18876,2014-08-30 04:08:19,49.99
971,22545,19358,2014-08-30 08:11:42,45.99
972,22388,19247,2014-08-30 13:42:40,49.99
973,22397,19254,2014-08-30 18:14:15,49.99
974,22330,19202,2014-08-30 19:26:48,49.99
975,22361,19226,2014-08-30 22:08:04,49.99
976,22560,19369,2014-08-31 04:53:28,49.99
977,21988,18951,2014-08-31 05:36:39,49.99
978,22371,19234,2014-08-31 05:47:28,49.99
979,22462,19300,2014-08-31 08:14:10,49.99
980,22680,19456,2014-08-31 14:51:05,49.99
981,22199,19104,2014-08-31 17:01:16,49.99
982,22648,19433,2014-08-31 17:08:33,49.99
983,22180,19089,2014-08-31 22:08:57,49.99
984,22292,19174,2014-08-31 23:50:15,49.99
985,22621,19412,2014-09-01 03:54:29,49.99
986,22087,19018,2014-09-01 13:40:49,49.99
987,22148,19064,2014-09-01 14:38:53,49.99
988,22784,19531,2014-09-02 06:16:54,49.99
989,22610,19403,2014-09-02 16:13:43,49.99
990,22442,19285,2014-09-02 18:57:06,49.99
991,22219,19118,2014-09-02 21:25:36,49.99
992,22437,19282,2014-09-03 03:36:22,49.99
993,22268,19155,2014-09-03 03:41:42,49.99
994,22699,19470,2014-09-03 08:16:05,49.99
995,22506,19330,2014-09-03 08:48:56,49.99
996,22586,19386,2014-09-03 08:57:27,49.99
997,22671,19449,2014-09-03 09:31:26,49.99
998,22807,19547,2014-09-03 10:05:12,49.99
999,22805,19545,2014-09-03 10:09:00,45.99
1000,22644,19429,2014-09-03 11:09:05,49.99
1001,22766,19517,2014-09-03 16:15:19,45.99
1002,22823,19558,2014-09-03 20:46:28,49.99
1003,22359,19225,2014-09-03 20:59:52,49.99
1004,22690,19464,2014-09-03 22:11:50,29.99
1005,22526,19345,2014-09-03 22:17:44,49.99
1006,22276,19161,2014-09-04 04:42:09,49.99
1007,22343,19211,2014-09-04 06:36:44,49.99
1008,22637,19423,2014-09-04 07:07:47,49.99
1009,22468,19304,2014-09-04 10:10:37,49.99
1010,22259,19147,2014-09-04 10:51:37,49.99
1011,22287,19169,2014-09-04 11:23:41,49.99
1012,22279,19163,2014-09-04 17:52:39,49.99
1013,22244,19136,2014-09-04 20:22:40,49.99
1014,22646,19431,2014-09-04 22:43:02,49.99
1015,22382,19242,2014-09-05 00:50:56,49.99
1016,22530,19348,2014-09-05 01:12:30,49.99
1017,22341,19210,2014-09-05 01:29:37,49.99
1018,22550,19362,2014-09-05 02:37:38,49.99
1019,22578,19381,2014-09-05 02:37:59,49.99
1020,22960,19652,2014-09-05 04:11:01,49.99
1021,22880,19597,2014-09-05 07:18:20,49.99
1022,22783,19530,2014-09-05 10:19:50,49.99
1023,22742,19499,2014-09-05 11:50:27,49.99
1024,22262,19150,2014-09-05 15:51:55,49.99
1025,22528,19346,2014-09-05 16:29:04,49.99
1026,22548,19360,2014-09-05 20:03:07,49.99
1027,22332,19203,2014-09-05 23:29:04,49.99
1028,23085,19742,2014-09-06 13:18:33,59.99
1029,22822,19557,2014-09-06 16:38:37,49.99
1030,22878,19596,2014-09-06 17:47:26,49.99
1031,23035,19709,2014-09-06 17:49:44,45.99
1032,22790,19535,2014-09-06 20:01:57,29.99
1033,22688,19463,2014-09-06 20:02:50,49.99
1034,23051,19720,2014-09-06 23:29:39,49.99
1035,22964,19655,2014-09-06 23:32:24,49.99
1036,22502,19327,2014-09-07 00:29:01,49.99
1037,22893,19604,2014-09-07 01:37:44,49.99
1038,22509,19333,2014-09-07 06:17:13,49.99
1039,23132,19776,2014-09-07 07:04:04,49.99
1040,22440,19284,2014-09-07 07:47:09,49.99
1041,22396,19253,2014-09-07 07:47:54,49.99
1042,22381,19241,2014-09-07 09:25:21,45.99
1043,22368,19232,2014-09-07 10:19:47,49.99
1044,22384,19243,2014-09-07 14:36:49,49.99
1045,23135,19778,2014-09-07 16:28:32,49.99
1046,22767,19518,2014-09-07 23:30:27,49.99
1047,22987,19673,2014-09-08 02:06:05,49.99
1048,23031,19706,2014-09-08 02:09:17,49.99
1049,22967,19657,2014-09-08 08:06:26,49.99
1050,22428,19275,2014-09-08 11:52:52,49.99
1051,22557,19367,2014-09-08 12:25:37,49.99
1052,23067,19731,2014-09-08 16:57:03,49.99
1053,22806,19546,2014-09-08 20:43:21,49.99
1054,22507,19331,2014-09-08 23:07:09,49.99
1055,22746,19502,2014-09-09 01:02:57,49.99
1056,22508,19332,2014-09-09 03:11:04,49.99
1057,22826,19560,2014-09-09 06:44:08,49.99
1058,23136,19779,2014-09-09 09:56:34,49.99
1059,22448,19290,2014-09-09 11:10:42,49.99
1060,22423,19271,2014-09-09 15:07:31,49.99
1061,22417,19267,2014-09-09 15:50:53,49.99
1062,22710,19476,2014-09-09 17:00:06,49.99
1063,22848,19576,2014-09-09 17:02:57,49.99
1064,22896,19606,2014-09-09 17:31:59,49.99
1065,22906,19613,2014-09-09 18:43:19,49.99
1066,23208,19834,2014-09-09 21:38:52,49.99
1067,22730,19490,2014-09-09 21:56:43,49.99
1068,22812,19551,2014-09-09 21:59:40,49.99
1069,22612,19405,2014-09-09 23:32:39,49.99
1070,22522,19343,2014-09-10 01:33:28,49.99
1071,23064,19729,2014-09-10 02:28:06,49.99
1072,22556,19366,2014-09-10 02:40:58,49.99
1073,22479,19312,2014-09-10 03:13:04,49.99
1074,23104,19757,2014-09-10 05:21:09,49.99
1075,22531,19349,2014-09-10 08:18:59,49.99
1076,22825,19559,2014-09-10 09:23:41,49.99
1077,23017,19695,2014-09-10 14:57:09,45.99
1078,23166,19801,2014-09-10 15:05:15,49.99
1079,22605,19399,2014-09-10 19:15:46,49.99
1080,22743,19500,2014-09-10 19:52:43,49.99
1081,23335,19930,2014-09-10 20:13:29,49.99
1082,22533,19351,2014-09-10 20:36:52,49.99
1083,23359,19947,2014-09-11 00:46:57,49.99
1084,22804,19544,2014-09-11 03:47:45,49.99
1085,22696,19468,2014-09-11 12:18:36,49.99
1086,22516,19339,2014-09-11 13:35:16,49.99
1087,22543,19357,2014-09-11 15:15:29,49.99
1088,23411,19983,2014-09-11 16:32:24,49.99
1089,23123,19770,2014-09-11 18:48:22,49.99
1090,23171,19805,2014-09-11 19:40:08,49.99
1091,22585,19385,2014-09-11 20:22:54,49.99
1092,22753,19507,2014-09-11 20:45:50,49.99
1093,22772,19522,2014-09-11 23:17:46,49.99
1094,22859,19583,2014-09-12 00:29:23,49.99
1095,23202,19829,2014-09-12 03:24:51,49.99
1096,23323,19922,2014-09-12 07:24:25,49.99
1097,23446,20008,2014-09-12 09:22:41,49.99
1098,22840,19570,2014-09-12 17:03:22,49.99
1099,23464,20020,2014-09-12 20:52:44,49.99
1100,22873,19592,2014-09-12 21:06:44,49.99
1101,23236,19855,2014-09-12 21:22:18,49.99
1102,23189,19820,2014-09-12 23:18:11,49.99
1103,22691,19465,2014-09-12 23:39:25,49.99
1104,23256,19871,2014-09-13 01:59:48,49.99
1105,22768,19518,2014-09-13 02:30:27,59.99
1106,23296,19900,2014-09-13 02:32:05,49.99
1107,22865,19587,2014-09-13 07:27:58,49.99
1108,22821,19556,2014-09-13 13:04:35,49.99
1109,22924,19627,2014-09-13 13:24:53,49.99
1110,23203,19830,2014-09-13 15:12:47,49.99
1111,23026,19702,2014-09-13 23:06:03,49.99
1112,23093,19748,2014-09-14 00:27:25,49.99
1113,23526,20067,2014-09-14 06:56:56,49.99
1114,23573,20101,2014-09-14 11:32:09,49.99
1115,23590,20115,2014-09-14 17:04:22,49.99
1116,23215,19840,2014-09-14 19:20:26,49.99
1117,22989,19674,2014-09-14 21:24:27,49.99
1118,22916,19620,2014-09-15 02:05:34,49.99
1119,22935,19634,2014-09-15 09:07:33,45.99
1120,23102,19756,2014-09-15 13:14:18,49.99
1121,23096,19751,2014-09-15 15:02:28,49.99
1122,22846,19575,2014-09-15 17:00:08,49.99
1123,22811,19550,2014-09-15 19:26:15,49.99
1124,23227,19848,2014-09-15 20:44:54,45.99
1125,23152,19791,2014-09-15 21:03:07,49.99
1126,23238,19856,2014-09-15 23:25:07,49.99
1127,22979,19666,2014-09-16 00:25:42,49.99
1128,23691,20192,2014-09-16 06:50:13,49.99
1129,23061,19727,2014-09-16 12:09:40,45.99
1130,23513,20058,2014-09-16 12:37:24,49.99
1131,22892,19603,2014-09-16 14:27:24,49.99
1132,22961,19653,2014-09-16 15:13:13,49.99
1133,22993,19678,2014-09-16 16:12:39,49.99
1134,23358,19946,2014-09-16 16:45:35,49.99
1135,23611,20131,2014-09-16 16:58:49,49.99
1136,23454,20013,2014-09-16 19:37:23,49.99
1137,23146,19787,2014-09-16 23:03:11,49.99
1138,23056,19723,2014-09-17 00:13:02,49.99
1139,22845,19574,2014-09-17 01:59:33,49.99
1140,23661,20171,2014-09-17 03:49:22,49.99
1141,23564,20094,2014-09-17 07:59:09,49.99
1142,23229,19850,2014-09-17 13:38:02,49.99
1143,23674,20181,2014-09-17 14:05:54,49.99
1144,22931,19632,2014-09-17 18:19:59,49.99
1145,23632,20148,2014-09-17 19:42:03,49.99
1146,23232,19853,2014-09-17 19:56:27,49.99
1147,23469,20024,2014-09-17 20:45:00,49.99
1148,23046,19716,2014-09-17 21:19:49,49.99
1149,23313,19915,2014-09-17 21:40:11,49.99
1150,23726,20216,2014-09-18 00:23:06,45.99
1151,23536,20075,2014-09-18 00:49:07,49.99
1152,23244,19862,2014-09-18 11:24:57,49.99
1153,23023,19700,2014-09-18 16:32:53,49.99
1154,23809,20276,2014-09-18 18:25:56,49.99
1155,23777,20254,2014-09-18 19:20:35,49.99
1156,23538,20076,2014-09-18 20:52:08,49.99
1157,23005,19688,2014-09-18 21:26:56,49.99
1158,23765,20245,2014-09-19 05:19:30,49.99
1159,23869,20322,2014-09-19 11:53:56,59.99
1160,23178,19810,2014-09-19 15:08:32,49.99
1161,23276,19885,2014-09-19 18:29:46,49.99
1162,23521,20064,2014-09-19 21:54:11,49.99
1163,23565,20095,2014-09-19 23:23:26,49.99
1164,23292,19898,2014-09-20 02:57:21,59.99
1165,23420,19988,2014-09-20 04:24:00,29.99
1166,23569,20098,2014-09-20 09:57:01,49.99
1167,23147,19788,2014-09-20 10:14:12,49.99
1168,23355,19944,2014-09-20 12:32:02,49.99
1169,23459,20016,2014-09-20 14:57:23,49.99
1170,23288,19894,2014-09-20 22:13:18,49.99
1171,23673,20180,2014-09-21 00:23:46,49.99
1172,23697,20196,2014-09-21 03:15:57,45.99
1173,23251,19867,2014-09-21 08:00:26,59.99
1174,23728,20217,2014-09-22 00:30:00,49.99
1175,23613,20133,2014-09-22 00:39:45,49.99
1176,23644,20158,2014-09-22 01:37:38,49.99
1177,23609,20129,2014-09-22 03:58:52,49.99
1178,23309,19912,2014-09-22 06:05:39,49.99
1179,23560,20091,2014-09-22 08:37:38,49.99
1180,23226,19848,2014-09-22 10:44:54,49.99
1181,23600,20122,2014-09-22 13:19:14,49.99
1182,23687,20189,2014-09-22 16:35:52,49.99
1183,23928,20364,2014-09-22 17:43:52,49.99
1184,23711,20205,2014-09-22 18:50:07,49.99
1185,23403,19978,2014-09-22 20:54:53,49.99
1186,23305,19909,2014-09-22 21:07:39,49.99
1187,23524,20066,2014-09-22 23:54:50,49.99
1188,24079,20479,2014-09-23 04:34:43,49.99
1189,23770,20249,2014-09-23 12:48:49,45.99
1190,23604,20125,2014-09-23 14:57:39,49.99
1191,23746,20231,2014-09-23 22:48:26,49.99
1192,23500,20049,2014-09-24 04:53:24,49.99
1193,23804,20273,2014-09-24 14:58:49,49.99
1194,23701,20199,2014-09-24 19:39:05,49.99
1195,24200,20568,2014-09-24 23:09:33,49.99
1196,23593,20117,2014-09-24 23:56:53,49.99
1197,23596,20119,2014-09-25 00:15:57,49.99
1198,23610,20130,2014-09-25 02:04:13,49.99
1199,23732,20220,2014-09-25 04:23:05,49.99
1200,23579,20105,2014-09-25 13:22:23,45.99
1201,23693,20193,2014-09-25 14:26:00,49.99
1202,23511,20057,2014-09-25 23:17:55,49.99
1203,23714,20207,2014-09-26 03:02:14,45.99
1204,24189,20560,2014-09-26 03:10:40,49.99
1205,23699,20198,2014-09-26 11:28:32,49.99
1206,23559,20090,2014-09-27 00:27:43,49.99
1207,24304,20645,2014-09-27 20:42:09,49.99
1208,23645,20159,2014-09-28 00:12:46,49.99
1209,23769,20248,2014-09-28 03:48:41,49.99
1210,23703,20200,2014-09-28 07:23:37,49.99
1211,23890,20337,2014-09-28 14:21:22,45.99
1212,23664,20174,2014-09-28 14:51:05,49.99
1213,23798,20268,2014-09-28 19:23:33,49.99
1214,24307,20647,2014-09-28 23:04:55,45.99
1215,23741,20228,2014-09-28 23:24:15,49.99
1216,23785,20260,2014-09-29 00:50:13,49.99
1217,23751,20235,2014-09-29 16:01:41,49.99
1218,23774,20251,2014-09-29 19:41:24,49.99
1219,23850,20306,2014-09-30 08:30:28,45.99
1220,24214,20578,2014-09-30 18:19:00,49.99
1221,23761,20242,2014-09-30 19:17:55,49.99
1222,24575,20837,2014-10-01 01:32:34,49.99
1223,24445,20744,2014-10-01 09:42:21,49.99
1224,24610,20861,2014-10-01 11:43:58,29.99
1225,24263,20611,2014-10-01 16:18:28,45.99
1226,24299,20640,2014-10-02 20:54:56,45.99
1227,24531,20805,2014-10-03 13:11:33,49.99
1228,24213,20577,2014-10-05 02:05:54,45.99
1229,24205,20571,2014-10-05 06:53:43,29.99
1230,24333,20664,2014-10-05 15:31:04,49.99
1231,24187,20559,2014-10-06 14:13:02,49.99
1232,24750,20966,2014-10-06 16:48:44,59.99
1233,24488,20775,2014-10-06 18:52:32,59.99
1234,25060,21192,2014-10-07 04:44:30,45.99
1235,24953,21113,2014-10-07 13:35:25,29.99
1236,24365,20686,2014-10-07 17:41:13,45.99
1237,24258,20609,2014-10-08 09:57:22,49.99
1238,24658,20897,2014-10-08 20:53:49,45.99
1239,25013,21156,2014-10-09 09:31:27,49.99
1240,24670,20906,2014-10-09 15:13:56,45.99
1241,25056,21190,2014-10-09 18:14:11,49.99
1242,24422,20729,2014-10-10 02:13:20,45.99
1243,24553,20821,2014-10-10 11:32:30,29.99
1244,24637,20882,2014-10-10 15:58:58,59.99
1245,24986,21138,2014-10-11 02:27:58,49.99
1246,25053,21187,2014-10-11 08:58:17,59.99
1247,25168,21270,2014-10-11 19:37:22,45.99
1248,25258,21334,2014-10-12 01:49:55,49.99
1249,24999,21146,2014-10-12 12:17:09,49.99
1250,25446,21473,2014-10-13 01:03:58,49.99
1251,24773,20982,2014-10-13 01:37:41,59.99
1252,24925,21095,2014-10-13 10:19:39,49.99
1253,25066,21197,2014-10-13 12:35:16,45.99
1254,24835,21028,2014-10-14 08:28:49,49.99
1255,24625,20872,2014-10-14 11:37:45,45.99
1256,25530,21539,2014-10-15 04:08:46,29.99
1257,25407,21444,2014-10-15 21:47:57,45.99
1258,25199,21293,2014-10-16 10:59:12,49.99
1259,24951,21112,2014-10-16 12:15:27,45.99
1260,25024,21165,2014-10-17 11:24:59,45.99
1261,25809,21741,2014-10-17 19:08:33,45.99
1262,25316,21378,2014-10-18 09:06:25,49.99
1263,25763,21708,2014-10-18 16:22:41,59.99
1264,25171,21273,2014-10-18 20:15:11,49.99
1265,25234,21317,2014-10-19 21:21:49,29.99
1266,25769,21712,2014-10-21 00:18:32,49.99
1267,25812,21743,2014-10-21 10:34:18,45.99
1268,25180,21278,2014-10-22 03:19:55,29.99
1269,25418,21453,2014-10-23 01:42:43,29.99
1270,25925,21826,2014-10-23 02:04:46,59.99
1271,26119,21976,2014-10-23 07:34:00,49.99
1272,25497,21510,2014-10-25 02:23:13,45.99
1273,26091,21957,2014-10-25 09:36:33,49.99
1274,26434,22204,2014-10-26 10:37:20,45.99
1275,25629,21607,2014-10-26 19:51:51,45.99
1276,26393,22175,2014-10-27 05:07:58,49.99
1277,25741,21692,2014-10-27 05:15:18,49.99
1278,25686,21651,2014-10-28 09:44:59,49.99
1279,25734,21687,2014-10-28 21:00:30,49.99
1280,26025,21906,2014-10-30 04:00:37,49.99
1281,26007,21892,2014-10-30 09:38:09,49.99
1282,26178,22018,2014-11-01 00:44:50,45.99
1283,26822,22483,2014-11-02 02:09:00,29.99
1284,26311,22114,2014-11-03 16:22:18,49.99
1285,26745,22429,2014-11-03 18:06:31,49.99
1286,26674,22382,2014-11-03 18:31:56,49.99
1287,26544,22280,2014-11-05 09:16:36,45.99
1288,26451,22216,2014-11-05 13:22:46,49.99
1289,26708,22403,2014-11-05 22:23:33,59.99
1290,26349,22143,2014-11-05 22:42:48,49.99
1291,26688,22390,2014-11-06 04:57:08,29.99
1292,26302,22108,2014-11-06 08:28:09,49.99
1293,26548,22283,2014-11-07 01:20:05,49.99
1294,26644,22359,2014-11-08 17:50:25,45.99
1295,27184,22752,2014-11-09 01:01:40,49.99
1296,26722,22411,2014-11-10 02:13:28,49.99
1297,26931,22560,2014-11-10 04:18:56,29.99
1298,26860,22511,2014-11-10 09:04:45,49.99
1299,26913,22547,2014-11-12 13:20:51,45.99
1300,27139,22717,2014-11-13 04:05:02,49.99
1301,27606,23063,2014-11-13 12:32:53,49.99
1302,26887,22532,2014-11-14 16:59:21,45.99
1303,27029,22634,2014-11-14 17:48:01,45.99
1304,27822,23215,2014-11-15 01:21:10,45.99
1305,26878,22526,2014-11-15 03:45:17,45.99
1306,26985,22598,2014-11-15 12:00:24,29.99
1307,26918,22551,2014-11-15 17:22:35,59.99
1308,27211,22773,2014-11-15 19:53:58,45.99
1309,27299,22836,2014-11-15 20:58:04,45.99
1310,27158,22731,2014-11-16 19:01:53,29.99
1311,27813,23208,2014-11-17 12:43:22,29.99
1312,27474,22966,2014-11-17 16:01:52,45.99
1313,27345,22869,2014-11-18 13:52:49,59.99
1314,27135,22714,2014-11-18 23:39:37,49.99
1315,28074,23402,2014-11-19 12:42:38,45.99
1316,27503,22986,2014-11-19 21:18:28,59.99
1317,28199,23496,2014-11-20 04:34:02,49.99
1318,27554,23026,2014-11-20 07:51:17,49.99
1319,27303,22839,2014-11-20 12:21:40,45.99
1320,28002,23347,2014-11-20 18:37:27,45.99
1321,27630,23080,2014-11-20 21:07:09,59.99
1322,27853,23239,2014-11-21 03:06:45,49.99
1323,28051,23386,2014-11-21 12:40:06,49.99
1324,27964,23321,2014-11-21 15:08:12,49.99
1325,27356,22879,2014-11-21 16:31:31,49.99
1326,27824,23217,2014-11-21 18:04:23,45.99
1327,28161,23467,2014-11-21 22:50:33,49.99
1328,27741,23157,2014-11-22 09:14:11,49.99
1329,27666,23107,2014-11-22 16:16:05,49.99
1330,28180,23482,2014-11-23 05:55:14,49.99
1331,27858,23242,2014-11-23 18:08:46,49.99
1332,27953,23312,2014-11-25 10:56:48,45.99
1333,28238,23526,2014-11-25 11:39:40,59.99
1334,27868,23251,2014-11-26 00:52:02,49.99
1335,28389,23634,2014-11-26 06:15:04,45.99
1336,28034,23374,2014-11-28 13:46:58,49.99
1337,27800,23200,2014-11-28 13:57:26,45.99
1338,27965,23321,2014-11-28 18:08:12,45.99
1339,28153,23460,2014-11-29 04:08:53,59.99
1340,27895,23272,2014-11-29 11:31:49,49.99
1341,28842,23973,2014-11-29 12:27:56,49.99
1342,28639,23822,2014-11-29 15:13:46,49.99
1343,28776,23924,2014-11-29 19:34:46,45.99
1344,28170,23475,2014-11-30 03:45:52,49.99
1345,28940,24043,2014-11-30 08:12:32,29.99
1346,28700,23868,2014-11-30 21:43:02,49.99
1347,29304,24308,2014-12-01 05:29:43,49.99
1348,29476,24433,2014-12-01 10:37:22,49.99
1349,29245,24265,2014-12-01 11:58:26,49.99
1350,29530,24472,2014-12-01 14:54:59,49.99
1351,29553,24490,2014-12-01 17:00:49,49.99
1352,28832,23967,2014-12-01 23:07:35,45.99
1353,28893,24012,2014-12-02 02:45:04,49.99
1354,28285,23559,2014-12-02 03:42:19,45.99
1355,29631,24544,2014-12-02 11:08:41,49.99
1356,29115,24172,2014-12-03 02:31:55,49.99
1357,29777,24646,2014-12-03 11:58:33,49.99
1358,29672,24573,2014-12-03 13:24:19,49.99
1359,29624,24538,2014-12-03 14:17:59,49.99
1360,29928,24751,2014-12-03 16:05:34,49.99
1361,28530,23741,2014-12-03 18:07:56,49.99
1362,29654,24561,2014-12-04 00:46:21,59.99
1363,29745,24624,2014-12-04 04:56:13,49.99
1364,28345,23604,2014-12-04 17:35:47,49.99
1365,29275,24286,2014-12-04 18:39:23,49.99
1366,29737,24618,2014-12-05 00:31:25,49.99
1367,29372,24356,2014-12-05 02:48:29,59.99
1368,28600,23792,2014-12-05 16:57:07,45.99
1369,29425,24398,2014-12-05 19:10:46,49.99
1370,30016,24816,2014-12-06 02:39:11,49.99
1371,29912,24740,2014-12-06 07:37:58,49.99
1372,29445,24413,2014-12-06 16:37:50,45.99
1373,30062,24852,2014-12-07 01:22:20,45.99
1374,29549,24486,2014-12-07 02:33:52,49.99
1375,29407,24385,2014-12-07 04:45:26,45.99
1376,29083,24150,2014-12-07 05:06:50,49.99
1377,29118,24174,2014-12-07 08:48:59,45.99
1378,28680,23852,2014-12-07 17:27:25,45.99
1379,28622,23809,2014-12-07 18:31:09,49.99
1380,29804,24666,2014-12-07 22:24:28,49.99
1381,30213,24966,2014-12-07 22:57:31,49.99
1382,29518,24463,2014-12-08 00:16:15,49.99
1383,29529,24471,2014-12-08 02:50:32,49.99
1384,30209,24963,2014-12-08 03:11:32,45.99
1385,28880,24003,2014-12-08 14:10:39,49.99
1386,28823,23961,2014-12-08 20:58:49,49.99
1387,29247,24266,2014-12-08 23:59:47,49.99
1388,30217,24969,2014-12-09 01:15:52,45.99
1389,29588,24514,2014-12-09 11:19:53,49.99
1390,30422,25117,2014-12-09 18:31:19,29.99
1391,29978,24785,2014-12-09 18:46:41,49.99
1392,30341,25058,2014-12-09 19:49:31,49.99
1393,28788,23932,2014-12-09 20:35:27,29.99
1394,30399,25099,2014-12-10 02:17:39,49.99
1395,28809,23950,2014-12-10 03:41:29,59.99
1396,29505,24453,2014-12-10 08:38:46,45.99
1397,29060,24132,2014-12-10 19:53:04,49.99
1398,30361,25070,2014-12-10 22:00:43,49.99
1399,29531,24472,2014-12-10 22:54:59,29.99
1400,30070,24858,2014-12-11 02:39:59,49.99
1401,30553,25214,2014-12-11 06:23:24,49.99
1402,29759,24633,2014-12-11 08:49:37,49.99
1403,30058,24848,2014-12-11 11:06:43,49.99
1404,29806,24667,2014-12-11 17:25:11,45.99
1405,29265,24278,2014-12-12 01:20:56,45.99
1406,30350,25063,2014-12-12 08:50:46,45.99
1407,30545,25206,2014-12-12 09:54:07,49.99
1408,30517,25186,2014-12-13 05:24:16,29.99
1409,29217,24246,2014-12-13 07:25:14,49.99
1410,30844,25444,2014-12-13 22:22:21,45.99
1411,29480,24436,2014-12-14 06:46:59,49.99
1412,29557,24493,2014-12-14 07:07:11,49.99
1413,29652,24560,2014-12-14 08:33:43,49.99
1414,29691,24586,2014-12-15 02:03:03,45.99
1415,30221,24972,2014-12-15 17:50:00,29.99
1416,30946,25521,2014-12-15 22:14:56,49.99
1417,29746,24625,2014-12-16 15:08:30,59.99
1418,30129,24900,2014-12-16 16:57:42,49.99
1419,29838,24689,2014-12-17 09:20:46,59.99
1420,30920,25502,2014-12-18 08:53:06,49.99
1421,30266,25003,2014-12-18 10:12:10,45.99
1422,30855,25452,2014-12-18 10:46:47,45.99
1423,30205,24959,2014-12-18 16:45:15,49.99
1424,30512,25182,2014-12-18 22:08:12,29.99
1425,31303,25790,2014-12-19 12:23:25,49.99
1426,31132,25663,2014-12-20 10:42:29,45.99
1427,30911,25496,2014-12-20 17:41:22,45.99
1428,31187,25705,2014-12-21 02:55:55,49.99
1429,31674,26060,2014-12-22 09:41:44,49.99
1430,31502,25935,2014-12-22 10:51:34,45.99
1431,31647,26040,2014-12-22 19:39:59,29.99
1432,30983,25549,2014-12-23 03:04:40,49.99
1433,30849,25448,2014-12-23 03:08:36,49.99
1434,31400,25861,2014-12-23 03:56:45,45.99
1435,31102,25640,2014-12-23 09:00:24,45.99
1436,31562,25980,2014-12-23 12:16:27,49.99
1437,30881,25474,2014-12-23 13:18:49,49.99
1438,30489,25165,2014-12-23 14:19:28,45.99
1439,31573,25987,2014-12-23 16:44:11,49.99
1440,31707,26084,2014-12-23 22:37:51,49.99
1441,30996,25558,2014-12-24 14:48:49,49.99
1442,30810,25420,2014-12-24 16:13:49,45.99
1443,31863,26207,2014-12-24 16:38:39,49.99
1444,31361,25833,2014-12-24 19:09:47,49.99
1445,31380,25848,2014-12-24 19:24:58,49.99
1446,31037,25590,2014-12-25 05:03:18,59.99
1447,31239,25743,2014-12-25 13:43:37,49.99
1448,31739,26109,2014-12-26 07:54:54,49.99
1449,31580,25992,2014-12-26 18:45:33,49.99
1450,31949,26270,2014-12-26 22:37:51,49.99
1451,31868,26211,2014-12-26 22:46:29,49.99
1452,31379,25847,2014-12-27 03:11:46,49.99
1453,32116,26396,2014-12-27 15:04:04,59.99
1454,31853,26199,2014-12-27 18:01:52,59.99
1455,31614,26017,2014-12-27 21:44:23,45.99
1456,32135,26410,2014-12-28 08:29:29,59.99
1457,32215,26475,2014-12-28 15:37:26,45.99
1458,31168,25691,2014-12-28 17:07:02,29.99
1459,31316,25799,2014-12-28 18:23:58,49.99
1460,32222,26480,2014-12-29 01:13:39,45.99
1461,32321,26556,2014-12-29 14:20:54,49.99
1462,31228,25735,2014-12-29 21:02:27,49.99
1463,32250,26503,2014-12-30 02:36:05,45.99
1464,31375,25844,2014-12-30 09:38:48,45.99
1465,31367,25838,2014-12-30 10:49:19,49.99
1466,31867,26210,2014-12-30 17:32:29,49.99
1467,32236,26492,2014-12-31 19:35:21,49.99
1468,31869,26212,2014-12-31 21:09:44,49.99
1469,31861,26205,2015-01-01 02:31:41,45.99
1470,32154,26424,2015-01-01 03:49:57,45.99
1471,31769,26131,2015-01-02 00:52:34,45.99
1472,31702,26080,2015-01-02 09:02:25,49.99
1473,31539,25964,2015-01-02 14:22:10,45.99
1474,32419,26633,2015-01-02 20:47:14,49.99
1475,32078,26365,2015-01-03 05:02:08,45.99
1476,32628,26781,2015-01-03 21:34:04,59.99
1477,32171,26439,2015-01-04 01:52:45,59.99
1478,31741,26111,2015-01-04 05:59:50,49.99
1479,31689,26070,2015-01-04 15:42:31,45.99
1480,32574,26742,2015-01-05 00:04:57,29.99
1481,31825,26175,2015-01-05 05:29:39,45.99
1482,32113,26393,2015-01-06 00:27:41,45.99
1483,32610,26769,2015-01-06 04:18:59,49.99
1484,32340,26570,2015-01-06 08:15:16,49.99
1485,32175,26442,2015-01-06 15:01:48,49.99
1486,32404,26621,2015-01-06 20:47:28,49.99
1487,32452,26656,2015-01-07 06:36:50,45.99
1488,32095,26378,2015-01-07 22:04:13,45.99
1489,32903,26987,2015-01-08 05:52:22,49.99
1490,31983,26294,2015-01-08 06:10:41,45.99
1491,32705,26835,2015-01-08 07:54:21,29.99
1492,32746,26867,2015-01-08 09:11:28,49.99
1493,33274,27263,2015-01-09 05:06:50,45.99
1494,32838,26934,2015-01-09 21:02:05,49.99
1495,33209,27214,2015-01-09 22:01:58,45.99
1496,32673,26814,2015-01-09 22:02:30,45.99
1497,32500,26692,2015-01-10 01:59:58,49.99
1498,32273,26522,2015-01-10 03:28:26,59.99
1499,33080,27121,2015-01-10 21:36:20,49.99
1500,32389,26608,2015-01-11 00:19:52,49.99
1501,32871,26961,2015-01-12 05:32:25,49.99
1502,32479,26675,2015-01-12 06:07:36,49.99
1503,32960,27030,2015-01-12 06:10:48,59.99
1504,32819,26919,2015-01-12 11:36:52,45.99
1505,33000,27061,2015-01-12 11:47:12,49.99
1506,33002,27062,2015-01-12 18:50:38,49.99
1507,32536,26717,2015-01-12 19:09:46,49.99
1508,32898,26982,2015-01-12 21:57:52,45.99
1509,33546,27469,2015-01-13 02:54:17,49.99
1510,33195,27202,2015-01-13 03:26:18,49.99
1511,32657,26802,2015-01-13 03:49:27,45.99
1512,32592,26757,2015-01-13 04:36:11,45.99
1513,32783,26895,2015-01-13 21:06:55,45.99
1514,33074,27116,2015-01-14 20:20:59,45.99
1515,33502,27437,2015-01-15 11:36:08,45.99
1516,32831,26928,2015-01-15 20:28:00,49.99
1517,32971,27037,2015-01-16 09:11:52,49.99
1518,33130,27161,2015-01-16 10:32:26,49.99
1519,33613,27519,2015-01-17 18:20:37,45.99
1520,33801,27658,2015-01-17 20:10:28,29.99
1521,34114,27892,2015-01-17 20:33:33,49.99
1522,34007,27812,2015-01-17 22:54:03,49.99
1523,34081,27867,2015-01-18 17:24:08,49.99
1524,33945,27765,2015-01-18 19:12:34,45.99
1525,33750,27622,2015-01-19 01:25:43,49.99
1526,33001,27061,2015-01-19 13:47:12,45.99
1527,33508,27441,2015-01-19 17:53:53,45.99
1528,33200,27207,2015-01-19 23:25:44,49.99
1529,33884,27722,2015-01-20 01:41:24,49.99
1530,33823,27674,2015-01-20 15:08:20,59.99
1531,33820,27671,2015-01-20 21:33:08,49.99
1532,34275,28008,2015-01-21 03:08:21,29.99
1533,34194,27951,2015-01-21 04:25:49,49.99
1534,34218,27969,2015-01-21 10:29:57,45.99
1535,33434,27382,2015-01-21 11:30:26,49.99
1536,34350,28063,2015-01-21 12:10:43,49.99
1537,33759,27628,2015-01-21 15:20:26,45.99
1538,34061,27851,2015-01-21 18:34:15,49.99
1539,33765,27632,2015-01-22 05:43:34,49.99
1540,33644,27539,2015-01-22 12:53:59,49.99
1541,33896,27729,2015-01-22 13:27:10,45.99
1542,33919,27746,2015-01-22 16:57:20,59.99
1543,33610,27518,2015-01-22 19:07:51,49.99
1544,33457,27403,2015-01-22 19:14:21,59.99
1545,33497,27433,2015-01-24 17:38:50,49.99
1546,34242,27985,2015-01-25 02:10:34,45.99
1547,33854,27698,2015-01-25 04:25:55,49.99
1548,34514,28177,2015-01-25 14:52:44,49.99
1549,34272,28005,2015-01-26 09:12:47,59.99
1550,34417,28108,2015-01-26 12:33:39,49.99
1551,34392,28091,2015-01-27 03:52:37,45.99
1552,34363,28071,2015-01-27 16:35:41,45.99
1553,34565,28215,2015-01-28 07:35:07,45.99
1554,34539,28196,2015-01-28 11:40:43,49.99
1555,34064,27853,2015-01-28 16:47:36,49.99
1556,34117,27894,2015-01-28 19:10:34,49.99
1557,33922,27749,2015-01-29 02:01:56,45.99
1558,34368,28074,2015-01-29 02:51:44,49.99
1559,34446,28129,2015-01-29 03:37:20,45.99
1560,34010,27814,2015-01-29 14:10:13,49.99
1561,34969,28519,2015-01-29 20:35:59,49.99
1562,34463,28141,2015-01-29 22:37:23,49.99
1563,34634,28267,2015-01-30 11:44:27,45.99
1564,35211,28699,2015-01-30 22:44:47,45.99
1565,35352,28798,2015-01-30 23:01:28,45.99
1566,34973,28521,2015-01-31 00:08:53,49.99
1567,34184,27943,2015-01-31 06:41:31,59.99
1568,34573,28220,2015-01-31 19:29:31,49.99
1569,34743,28349,2015-02-01 01:05:36,49.99
1570,35378,28816,2015-02-01 03:00:31,49.99
1571,34662,28286,2015-02-01 06:34:53,49.99
1572,34876,28445,2015-02-02 02:53:04,29.99
1573,35320,28776,2015-02-02 06:57:14,49.99
1574,34352,28064,2015-02-02 19:36:37,59.99
1575,35120,28631,2015-02-02 23:05:39,49.99
1576,34618,28254,2015-02-02 23:31:27,29.99
1577,35180,28677,2015-02-03 03:37:55,49.99
1578,35361,28803,2015-02-03 07:24:32,49.99
1579,35237,28717,2015-02-05 03:09:27,49.99
1580,35285,28749,2015-02-05 03:44:35,45.99
1581,35360,28802,2015-02-05 05:24:04,29.99
1582,34604,28243,2015-02-05 07:35:45,45.99
1583,34590,28233,2015-02-05 16:52:05,59.99
1584,34624,28260,2015-02-05 19:30:40,59.99
1585,35531,28922,2015-02-05 22:56:12,29.99
1586,34845,28423,2015-02-06 01:00:21,29.99
1587,35752,29086,2015-02-06 04:16:06,45.99
1588,35455,28872,2015-02-06 14:02:47,49.99
1589,34978,28526,2015-02-07 00:16:28,45.99
1590,35603,28976,2015-02-07 03:32:32,45.99
1591,35842,29155,2015-02-07 14:34:08,59.99
1592,35756,29089,2015-02-08 05:04:26,45.99
1593,36124,29367,2015-02-08 12:59:24,49.99
1594,35421,28847,2015-02-08 17:38:06,49.99
1595,35340,28790,2015-02-09 20:08:18,49.99
1596,35071,28594,2015-02-10 06:56:44,45.99
1597,35708,29050,2015-02-10 07:25:09,45.99
1598,35167,28668,2015-02-10 10:34:19,45.99
1599,36118,29363,2015-02-10 15:53:37,49.99
1600,35424,28849,2015-02-10 20:42:43,49.99
1601,35915,29214,2015-02-11 13:14:54,49.99
1602,35162,28663,2015-02-12 02:18:22,59.99
1603,35359,28802,2015-02-12 06:24:04,49.99
1604,35929,29223,2015-02-12 07:08:16,49.99
1605,35250,28727,2015-02-12 13:42:34,49.99
1606,36295,29495,2015-02-12 14:57:18,45.99
1607,35436,28858,2015-02-13 14:14:30,45.99
1608,35704,29048,2015-02-13 17:27:19,49.99
1609,36844,29933,2015-02-15 03:09:49,49.99
1610,36285,29488,2015-02-15 07:36:03,29.99
1611,35773,29103,2015-02-15 18:18:55,45.99
1612,36132,29372,2015-02-16 02:46:47,45.99
1613,36417,29594,2015-02-16 15:02:09,49.99
1614,36111,29359,2015-02-16 18:48:11,49.99
1615,36744,29855,2015-02-17 00:23:21,49.99
1616,35762,29093,2015-02-17 13:39:41,49.99
1617,35757,29090,2015-02-17 18:52:45,49.99
1618,36794,29895,2015-02-17 21:38:33,59.99
1619,36519,29675,2015-02-18 08:32:46,59.99
1620,36172,29403,2015-02-18 12:37:58,49.99
1621,37052,30100,2015-02-20 00:24:00,59.99
1622,36304,29503,2015-02-20 02:51:39,49.99
1623,36884,29964,2015-02-20 19:45:50,59.99
1624,36366,29550,2015-02-20 21:48:17,59.99
1625,36019,29292,2015-02-20 22:06:44,45.99
1626,36362,29547,2015-02-21 01:35:55,49.99
1627,37379,30344,2015-02-21 03:00:45,49.99
1628,37287,30279,2015-02-21 08:57:13,49.99
1629,36454,29624,2015-02-21 16:55:51,49.99
1630,36871,29953,2015-02-21 19:43:04,49.99
1631,36821,29916,2015-02-22 08:02:01,59.99
1632,37523,30450,2015-02-22 08:44:53,49.99
1633,36271,29478,2015-02-22 13:55:32,49.99
1634,36729,29843,2015-02-22 14:06:31,45.99
1635,37098,30134,2015-02-23 22:30:09,49.99
1636,36996,30054,2015-02-23 22:54:51,49.99
1637,36917,29990,2015-02-24 01:52:20,45.99
1638,36341,29530,2015-02-24 05:18:29,59.99
1639,37266,30263,2015-02-24 07:46:53,49.99
1640,37121,30151,2015-02-25 11:15:51,49.99
1641,36717,29833,2015-02-27 07:39:11,45.99
1642,37316,30300,2015-02-27 13:20:26,49.99
1643,37513,30444,2015-02-27 14:49:04,29.99
1644,37300,30288,2015-02-27 19:49:04,49.99
1645,36971,30034,2015-02-28 04:40:38,49.99
1646,38070,30858,2015-02-28 09:39:47,59.99
1647,37411,30367,2015-02-28 13:32:24,49.99
1648,38100,30878,2015-03-01 05:44:02,59.99
1649,37904,30731,2015-03-01 07:09:05,45.99
1650,37416,30371,2015-03-02 02:56:29,49.99
1651,37861,30699,2015-03-02 04:28:13,45.99
1652,38054,30844,2015-03-02 15:38:30,29.99
1653,37450,30397,2015-03-02 17:50:03,49.99
1654,37924,30746,2015-03-02 19:15:03,45.99
1655,38083,30867,2015-03-02 21:42:26,29.99
1656,38166,30931,2015-03-03 08:06:49,45.99
1657,37663,30553,2015-03-03 11:26:35,45.99
1658,38168,30933,2015-03-03 14:36:51,59.99
1659,38340,31066,2015-03-03 19:08:32,49.99
1660,37598,30509,2015-03-04 07:28:48,29.99
1661,38229,30977,2015-03-04 08:18:32,29.99
1662,38055,30845,2015-03-04 09:38:48,49.99
1663,38425,31132,2015-03-04 19:07:37,49.99
1664,38397,31113,2015-03-05 08:01:50,49.99
1665,37784,30641,2015-03-05 15:06:47,49.99
1666,38179,30941,2015-03-07 09:10:22,45.99
1667,38010,30810,2015-03-07 11:25:13,49.99
1668,37568,30486,2015-03-07 19:55:53,49.99
1669,37686,30571,2015-03-07 21:15:28,49.99
1670,38667,31311,2015-03-08 01:59:24,49.99
1671,38107,30884,2015-03-08 05:08:19,49.99
1672,38129,30901,2015-03-08 11:32:07,45.99
1673,37886,30718,2015-03-09 02:20:20,45.99
1674,38356,31078,2015-03-09 18:45:42,45.99
1675,38627,31283,2015-03-10 11:59:23,45.99
1676,38309,31040,2015-03-10 18:12:05,49.99
1677,38287,31023,2015-03-10 19:26:59,29.99
1678,37891,30722,2015-03-11 00:47:31,49.99
1679,38195,30952,2015-03-11 02:57:45,45.99
1680,38000,30804,2015-03-11 16:47:09,29.99
1681,38492,31181,2015-03-11 19:45:12,49.99
1682,38896,31486,2015-03-12 20:36:38,49.99
1683,38090,30872,2015-03-13 05:05:46,45.99
1684,38900,31489,2015-03-13 09:39:57,45.99
1685,38494,31183,2015-03-13 12:05:41,45.99
1686,39003,31561,2015-03-13 15:01:06,59.99
1687,38593,31256,2015-03-13 15:25:22,29.99
1688,38274,31014,2015-03-13 17:33:02,49.99
1689,39092,31622,2015-03-14 09:53:35,49.99
1690,39026,31578,2015-03-14 13:21:19,49.99
1691,39225,31720,2015-03-14 16:11:27,49.99
1692,39113,31638,2015-03-15 08:40:25,45.99
1693,39475,31905,2015-03-15 12:31:01,45.99
1694,38700,31335,2015-03-15 22:33:22,49.99
1695,39585,31984,2015-03-16 10:30:05,49.99
1696,38851,31449,2015-03-16 21:21:34,49.99
1697,38427,31133,2015-03-17 04:09:52,49.99
1698,39194,31695,2015-03-17 05:40:17,49.99
1699,38625,31281,2015-03-17 09:52:07,49.99
1700,38897,31486,2015-03-17 17:36:38,45.99
1701,39663,32043,2015-03-17 17:53:08,45.99
1702,38955,31527,2015-03-17 21:45:11,29.99
1703,38605,31266,2015-03-18 13:55:14,49.99
1704,38978,31545,2015-03-18 15:00:54,45.99
1705,39486,31914,2015-03-19 06:18:08,59.99
1706,39029,31579,2015-03-19 11:28:48,45.99
1707,38940,31517,2015-03-19 16:46:20,49.99
1708,38802,31412,2015-03-20 12:44:12,45.99
1709,39546,31957,2015-03-21 03:22:50,49.99
1710,39705,32072,2015-03-21 04:05:07,49.99
1711,39199,31699,2015-03-21 09:18:39,45.99
1712,39696,32065,2015-03-21 10:13:40,49.99
1713,39189,31690,2015-03-22 00:42:54,49.99
1714,39172,31678,2015-03-22 01:40:10,45.99
1715,39813,32152,2015-03-22 02:31:53,49.99
1716,39278,31760,2015-03-22 03:15:55,45.99
1717,39713,32077,2015-03-22 21:30:42,59.99
1718,39428,31871,2015-03-23 02:52:58,49.99
1719,39370,31830,2015-03-23 15:19:57,45.99
1720,39243,31733,2015-03-24 03:47:15,59.99
1721,39680,32055,2015-03-27 03:24:58,45.99
1722,39860,32191,2015-03-27 10:10:53,49.99
1723,39674,32051,2015-03-27 12:16:02,45.99
1724,39819,32156,2015-03-28 05:34:49,45.99
1725,39449,31884,2015-03-28 08:38:31,49.99
1726,39759,32111,2015-03-29 23:41:36,49.99
1727,39950,32255,2015-03-30 09:37:23,59.99
1728,39671,32049,2015-03-30 21:33:51,49.99
1729,39729,32090,2015-03-31 19:59:48,49.99
1730,39717,32079,2015-04-01 03:54:48,59.99
1731,39947,32252,2015-04-01 18:11:08,45.99
